pcd_sector,site_ngrs
,1816
CV239,18
CR77,7
GU248,11
BH317,2
TA204,8
NR348,10
IV222,23
CM35,6
B475,2
SE129,2
S105,7
SA54,6
OX394,6
WA33,6
NE662,14
IP92,14
NE192,14
PA11,11
SW62,15
WF81,4
G523,6
LL651,4
E144,10
L176,1
PE227,4
DE44,5
RM70,6
PL68,9
L66,1
CH497,2
S66,6
PO121,6
G627,6
SO321,4
ZE29,42
NR118,6
S630,5
PO333,4
M275,5
BD205,2
LE191,7
DD38,5
DY115,2
SG127,6
EX66,10
BB15,8
S92,5
SS25,3
W1U5,6
DY54,2
NE299,3
DD109,10
NG199,4
TW46,6
OX93,7
WV67,8
IV301,9
LU61,4
B47,22
M332,9
NE177,5
CA72,8
B262,3
BD30,4
WR143,2
CB28,5
BN125,3
WR11,5
L198,1
WC2R0,9
DN147,11
WF91,7
PL231,4
MK23,4
DA159,3
NN146,4
SR40,1
SP48,3
SW48,2
IV232,23
G742,6
KA14,2
N43,3
BD211,1
OX128,10
DN33,6
EC2N4,1
CH52,10
DH45,1
NR24,1
KY120,8
EX227,8
SY210,7
N145,4
NG34,4
EH125,8
TW134,2
EN89,7
TN40,9
RG54,9
IP139,7
W1D6,9
EH181,5
M274,3
TN147,12
S362,3
PR16,6
W1H5,15
BA133,4
LA130,7
DY47,9
M905,1
G427,2
HP51,7
EX356,7
DL116,6
GU466,7
SO303,10
BR29,5
AB124,7
RH163,4
LE102,4
S182,6
CA119,12
SW34,13
DL94,5
SY231,4
B170,4
EX123,5
LL545,5
SP117,6
WF170,5
EH332,6
YO258,11
ME195,9
BS347,9
B218,2
TN127,6
TQ72,11
B658,1
GU526,2
DH13,10
LE114,3
LE94,2
KT92,14
LS74,1
TW183,6
W1F7,16
WA87,8
CH648,4
WS111,3
IV25,6
LA229,8
N14,1
SR82,4
ME150,3
FK117,1
CR02,11
IG27,4
B346,2
L300,1
TR140,4
GL34,9
L366,4
IP52,3
CH38,6
BD47,10
CR95,2
KA269,14
BS15,7
RG18,10
RG224,10
BS255,2
NP117,10
L46,3
CV357,14
NR172,3
WS138,14
CV350,12
PE275,5
DH14,7
SN169,11
W21,16
S202,1
RG180,1
RH204,3
LA59,5
SE255,1
DN386,3
SA181,5
SE50,8
NN84,8
KA278,13
WD49,4
L54,1
NG119,1
BL47,7
PE120,1
CV339,13
KA92,15
PA75,12
SK104,24
RG405,3
SK75,10
DG35,9
W1K5,8
EN119,4
L61,3
WF169,5
G120,5
SK61,2
TF92,5
W1F8,12
WF133,3
WA11,5
ST90,5
G769,4
M279,2
PO28,6
EH47,6
UB79,8
EH126,12
LS150,5
W139,2
NE214,2
MK63,2
PR41,6
TA13,7
TN225,10
DE45,4
LE40,4
TN394,4
ST170,13
EN40,9
KY84,1
NE340,5
M220,1
B604,2
WR111,4
WA54,3
DL14,7
BS482,1
WF83,8
PE191,6
N154,10
DE214,11
G626,6
KA256,1
CO152,3
DH23,5
MK437,6
NG183,1
DY99,14
CF235,5
AB219,5
N13,4
UB56,9
CW123,9
ST12,4
RM142,12
OL112,9
IG110,17
NR66,7
SA199,4
CH16,10
B618,1
CF243,6
BD59,2
SS67,11
TA202,1
B663,7
SY114,5
DE225,2
PE158,5
DG89,9
IP190,3
SK42,7
M204,6
BA34,8
SR51,9
SS74,3
KT187,4
WR127,9
OX172,7
G59,7
IP294,6
BH188,5
OL11,6
SK74,2
TD36,3
CV358,12
SE249,5
WD48,15
NE349,2
BN245,6
PE134,4
IP257,5
EC1Y2,2
AB438,2
KA169,5
PE27,4
SY12,2
PR253,7
M66,5
OX298,3
EX43,5
YO17,13
LN67,10
WF11,5
SO237,9
NG318,6
KY114,4
OX256,5
NG177,8
WA129,1
PL304,13
FY12,5
B461,17
YO126,5
UB94,3
G331,10
BA120,12
YO73,18
ST51,6
RH117,7
L206,2
NW11,14
L38,6
CT67,10
BN14,8
LE159,15
BH236,6
PL132,7
SL85,7
PA49,10
SL90,7
RG13,4
CV377,5
LS23,1
PL242,11
PA364,4
EN27,5
GU237,4
WN67,3
LL164,1
E81,8
TN290,6
EC1N6,1
OX107,5
PO78,1
CR29,4
WF75,2
FY84,7
SG76,10
DY14,3
DT36,3
CT103,10
SA27,2
ST32,1
SW83,6
HU53,2
NR171,10
CA289,1
BL15,5
B782,7
PA29,6
L244,1
B714,3
NE639,5
S71,1
BS249,6
E126,8
LS154,2
LS96,2
B620,10
BN457,11
EX153,3
KT246,9
DD40,9
BD129,3
B187,6
SW1E5,9
NP447,2
WV38,1
NE289,6
HR69,8
WC1H8,8
RH192,6
W1W6,4
NE616,11
SO437,12
CH37,7
ME57,12
SA444,9
NR242,3
UB49,5
EC1V3,10
SK95,10
OX156,7
NW18,12
CO34,7
SG141,2
G37,4
CV64,5
PH404,1
BH124,9
SL13,13
SW184,8
G320,6
NP46,3
CA78,6
B153,2
SW109,16
G783,9
M334,4
EC1Y1,1
LN50,10
SO172,6
L47,2
N90,11
RG65,6
IV78,4
HD15,3
RG209,11
DY32,4
BN23,3
MK100,2
W84,18
AB157,5
HX35,3
BS92,6
M297,8
B151,13
M342,3
VPH00,1
L87,2
BS200,2
EH470,1
SA732,5
PR55,1
LS101,12
OX145,4
L213,2
KT233,5
GU528,3
LE678,5
OX76,6
SN104,5
BS79,11
LL574,7
HA80,2
HA54,5
SO239,2
GU206,10
BN29,3
DN186,4
ME23,9
SG99,8
BA112,2
M415,6
KA55,2
WA85,3
YO103,5
CF417,7
CO76,8
DE30,4
SG86,10
PE45,1
BD38,7
G26,1
TA81,4
PR97,6
EC2M2,11
LE30,6
YO112,17
G744,11
BL09,3
W43,5
G27,7
CM63,10
TQ121,6
PO48,9
TN307,4
TS232,3
LS103,7
DA37,7
TN235,4
CR35,10
RG87,5
HP224,9
CO28,8
CA79,4
SN105,7
M276,4
KA20,4
CH416,1
SA58,3
BH165,3
ME30,3
SO171,1
TN325,7
PO142,10
HD61,7
SE14,11
WS119,7
CB13,11
SE61,3
M410,3
DN311,8
NG235,9
DN140,13
NP152,4
SK177,6
BN177,2
BL95,2
E13,7
DG73,30
B186,3
SO238,2
NG104,4
LA28,9
NN57,14
LN106,3
ML74,10
LL113,6
TF43,6
L320,1
M245,6
DN92,4
HA02,4
S703,4
PL47,6
NE126,5
SK62,7
KY102,1
BR67,13
TQ60,5
PA31,4
NE298,5
YO18,6
DL105,3
WS121,1
ST138,6
EN118,5
SY50,5
NE128,6
CA145,2
CF55,7
PR269,3
WV13,17
B192,3
YO71,4
G131,10
SS41,6
CH640,1
SE17,24
BS273,3
IV305,5
B945,19
SR13,5
TF94,6
NR349,7
EH320,11
WR90,9
SS24,9
PR267,4
LE32,3
NW64,8
RG179,7
PA91,3
SO451,6
SS26,10
LU70,17
G23,17
PA756,9
SE207,6
PH201,12
PR99,6
BA16,4
E140,9
NE108,11
OX119,8
SE228,5
BD177,3
NP116,9
SY35,1
B138,4
SK26,4
TN125,3
BL53,10
CV379,7
SW1Y4,13
SK13,8
SY111,1
BR49,9
RH164,8
NR151,4
CF447,1
NG105,9
DN312,5
BL83,5
CF426,1
SN110,1
NW51,4
ST195,22
HS65,6
KY119,7
PL74,2
G659,7
M329,4
L45,3
LE142,8
G611,5
TQ50,5
AB130,4
DD96,8
EC2Y9,4
UB95,11
NW119,2
HU36,3
GL168,7
YO305,6
DH64,2
ST180,16
NG15,3
LA231,6
EH112,9
NR94,3
NP79,9
WC1X8,12
LS288,2
G140,5
SO410,5
RH107,7
SA626,7
G24,1
LA46,1
TW196,9
HX38,6
BS14,12
EH549,4
SK148,2
WR89,19
LS116,3
SL36,13
PE198,6
PO122,7
CB75,12
SG62,5
CO40,4
KA12,4
BD226,1
OX171,16
KT207,11
L171,3
HU114,6
PL22,3
CB88,12
YO624,2
M359,6
S614,7
NE707,7
KT89,1
SE39,4
GL525,2
HD22,9
HU70,5
L160,1
G444,23
WF14,2
YO324,2
M95,1
CO153,4
BN238,1
AB101,7
HG50,11
M350,5
RM155,6
BA29,5
CF481,4
WR114,12
RG200,3
PE196,19
GL179,3
SL46,8
NE446,3
CR26,4
DL179,5
TS89,7
GL74,3
RG96,4
G718,6
WR66,9
M314,7
BH11,6
PR25,4
AB251,9
CM08,7
HD74,3
WF32,1
SG120,8
L62,2
TF118,12
CT32,2
PO390,2
CH441,1
BD193,6
SA634,4
PL199,7
IV316,6
SS38,5
WN86,5
M246,6
B311,1
YO232,7
WS72,2
CB235,2
DE117,3
TN248,3
EH225,5
L344,1
SN48,9
TQ96,1
DL79,9
CR09,9
PR23,3
CF629,3
SA611,7
CR52,10
W54,7
SK82,6
DT35,11
SA20,6
E1W1,6
BN254,3
BS94,1
DA81,8
ZE10,8
FY81,10
PE217,4
TD113,30
CF118,12
BS227,3
PA223,3
MK453,11
UB109,1
NR22,4
WN50,5
B377,19
BS226,4
CF141,7
L59,7
WA80,8
E49,10
CW97,10
NN69,22
NN86,4
EH13,14
ME88,8
GU12,10
BN412,16
WC1N1,10
B799,3
CV470,3
TW140,6
TQ13,7
SS73,7
CA57,2
SW209,3
SN152,5
LL372,1
M210,5
PL159,13
DN68,6
LS254,4
SW177,5
CB89,13
FK101,6
AB546,2
DN357,6
BL40,4
FK103,11
PL276,9
CH89,5
DY149,7
BD127,3
BB120,1
ME86,4
LE193,1
M17,5
L90,2
TS38,4
SY132,4
LS299,2
DY28,5
SR52,2
WA41,5
AL72,6
WN48,8
M156,5
M67,8
LE91,5
LU34,3
SA153,4
CM74,8
CM38,7
CV25,4
SP13,7
SE266,1
TF28,4
WA117,1
PO355,5
BS229,5
TD26,15
TF108,4
CH464,3
NE650,6
SO167,7
LE31,16
NG43,7
HU13,15
TW59,8
TR60,4
CT195,3
WN12,7
EX70,3
PE296,4
LS197,17
SA17,4
LS208,5
DT94,2
CR03,7
SO427,13
NN136,3
PA786,1
TS211,9
KY138,3
B989,10
IV24,3
W67,9
L246,1
DG13,7
BB99,6
AL15,1
LL654,5
PE113,7
B688,4
GL522,6
KA308,5
G158,8
UB33,6
BD24,5
E173,9
IG80,4
HX11,6
WA43,3
EC1A4,4
DT102,3
EX25,8
WA74,15
TN306,5
E142,3
RH28,5
SE11,16
WF34,2
B761,7
SE93,10
N146,3
DE137,5
OX53,7
UB83,10
TN395,4
M417,7
NE658,3
RH106,7
S354,4
E1W3,10
HU94,4
WV148,6
ST174,4
TS69,7
OX495,11
S47,7
EH545,13
M154,5
TQ31,8
CV213,9
IV568,1
LN43,8
LE21,4
NW74,8
G812,11
BL31,8
EH481,12
M45,4
WN89,12
N89,7
YO626,5
M65,7
SO419,5
KT228,5
RG314,4
DY90,8
WD195,3
RH43,1
TN25,5
CW48,11
E65,5
NE138,3
NE333,4
LS249,15
G824,1
NN35,9
HD63,7
GU179,16
LA141,4
BD146,4
PO40,1
CO93,5
CH484,2
M205,5
ME171,15
EH178,9
LL152,6
B277,4
PL14,3
S636,3
NG243,22
WF46,4
KT199,5
SW1V4,6
KA136,13
LN63,7
BH229,7
WA14,8
SG175,10
M27,5
CH427,2
EH44,4
SA43,6
BR34,5
SR55,4
DT34,2
DE223,9
L306,3
NP123,1
L235,2
S749,5
AL108,10
CT101,4
CF819,2
L80,4
DL167,4
B237,4
PL23,12
LN25,4
BB80,7
S653,4
SK110,14
HA27,3
AL40,19
DT29,20
MK147,2
BA25,6
AB556,9
SY164,6
MK403,10
RG204,4
HA11,6
LS211,1
YO255,1
MK170,12
WR113,1
TS97,2
DL55,2
M33,3
OL28,6
W1W8,7
B25,8
SO453,6
ZE39,1
CW84,4
BD48,7
NW72,7
CF453,3
PO167,9
DL78,7
N212,7
WD257,5
PR26,9
TR182,7
B602,4
CO27,9
OX110,13
CF454,8
BR15,10
SW170,7
NP445,2
PR13,5
MK401,7
CF633,2
EH164,13
CV212,8
CW121,7
SE156,4
SW166,6
EH66,6
NN160,1
HA46,4
HP201,17
G840,9
L119,3
EH421,18
E177,9
RM143,11
RG80,10
DE551,4
RG225,4
BL65,7
BH153,9
TF31,4
PO175,7
TS255,1
TD60,4
CF142,5
NN113,5
WD246,3
LS268,12
AL49,7
S65,9
PR29,6
TR263,2
DN123,4
CF159,2
W128,16
CO58,6
FK38,10
WD64,1
WA46,10
GL556,7
SW1X9,1
OX183,5
RG88,7
L365,1
PO119,5
CH663,3
RG74,19
KA215,3
SE116,2
GL154,7
SK45,1
DG130,11
CO61,14
TA36,5
NP76,1
SA129,7
AB518,5
SW1X7,4
MK402,2
DT110,9
S24,13
DN75,1
BH237,2
BN113,7
BS106,7
LL183,4
NN106,1
LL670,5
GU98,3
NG179,2
NR21,7
AL38,5
LE652,8
W1S2,6
WA119,12
TW136,4
SN57,7
S446,8
SK117,9
SA196,4
BB97,2
G411,4
S669,6
FK12,7
KT190,3
SK222,5
CF103,6
PR35,7
HR28,7
AL36,11
OL69,5
M409,1
CF371,5
NP122,6
B303,6
SG80,3
NE392,1
WA32,2
TQ71,1
BN273,5
LN85,10
E33,14
BS324,23
B191,5
NW52,7
TA52,4
WF149,1
E125,9
S13,2
NG184,8
TS43,6
CF241,2
CV63,2
LS248,4
LD82,15
SN40,18
KA72,2
HR11,8
MK178,14
CH88,14
HG32,8
RG404,5
M139,9
SW185,3
LS102,7
S727,3
SW73,10
DG126,5
SO158,1
DH59,4
NE236,5
NE150,7
M337,9
NG348,11
SP49,6
SN13,2
RG49,7
EX387,1
N78,10
DT27,13
BD163,9
SK118,2
BB89,2
KT212,7
BB12,8
EX138,3
BD184,4
EN36,8
BB54,1
BS216,11
SR83,6
WA144,2
LS252,9
OX28,7
BD39,9
OL113,2
W1T2,7
NN14,6
G200,9
PL293,1
IP53,3
CH643,3
CV81,9
PL207,1
L356,9
SK170,5
SP116,10
KA74,13
BA18,5
CF482,14
EC4R0,2
SN140,8
WC1H0,4
WA86,5
BD231,1
M309,4
PO88,5
MK150,2
E70,7
W1K4,4
B913,13
NE53,3
NE657,8
YO164,6
S201,1
HU179,3
AB393,22
RM154,8
B974,8
SE232,7
DN119,10
LN22,8
BH204,2
SM12,4
W1K1,4
NR128,9
SM14,13
KA29,8
NE95,9
GU514,8
M224,10
ML11,10
IG117,6
LE44,6
LL151,2
HR29,6
L697,3
L237,1
TN342,3
TF17,3
DL30,5
S214,4
M36,1
PA102,5
SA470,2
SK179,8
SA109,2
NE24,7
EH548,18
PO75,4
HU91,6
CO101,4
TR85,8
PO228,4
LD38,12
OX261,4
DL120,3
CF833,4
ML20,10
SY84,3
GU166,12
GL46,2
CH630,4
SW195,13
SN82,12
KA34,4
SY208,14
GL91,5
SP54,4
NG250,7
SM13,7
SA420,4
IV428,1
NE478,6
KT234,5
CM95,4
L34,1
NG236,17
NN110,3
NR12,4
W1K7,5
SN32,5
S730,5
CB244,2
L316,1
DN344,4
OL163,9
PE291,5
CR83,3
DA139,10
G642,11
EX215,5
CM17,3
GL13,6
NN143,7
M98,7
GU218,6
PE252,7
SW1A2,8
SO402,2
CM49,9
CR53,8
TF32,2
RG213,4
B240,3
BS348,13
HD59,5
BB101,4
ST150,21
CO108,4
YO213,6
GU31,14
BB68,1
PR31,13
BH235,3
BD131,7
IP75,5
NW16,13
EC3V9,3
G432,4
M270,3
CB74,11
NN117,4
NE325,3
NG13,17
CM241,9
RG53,5
RG11,6
HG12,1
CO64,10
TN126,6
EC1R0,13
B185,2
GL88,18
SA409,1
G784,1
CT52,1
KY112,11
EH51,6
DN364,7
SR85,3
PO193,4
NW27,4
SY113,1
BA99,4
DY34,5
N112,5
NE237,10
ML42,6
DG64,11
WR141,5
TF29,11
NR210,5
CT48,3
LS177,4
IP15,3
L32,4
S804,5
YO84,4
NR325,5
DY12,9
TA210,1
SM72,7
EC4N6,7
RH14,14
N1C4,3
BB44,2
IP141,5
BL21,4
BR69,7
L317,1
CB214,11
LA117,7
HA47,5
OL129,3
BS159,2
SE171,14
SA111,2
CW27,4
SA328,14
WF120,2
GU151,9
BN212,4
FK78,17
DL106,7
KY160,7
AB418,13
SY66,5
HU12,6
TS225,5
LE143,10
NP77,6
BL35,1
SG188,10
CM20,1
TS21,7
SP62,5
NE304,4
N129,12
OX12,1
BD87,3
MK429,12
LS104,6
NE311,7
DD82,10
GU315,15
IV362,14
BL52,4
YO311,4
WA101,7
SG40,11
PH149,2
M503,2
KA33,3
BD12,8
NP133,3
BN32,3
RG193,3
WD186,4
IP311,4
SA726,5
B111,4
B33,10
S93,5
B388,4
BH205,9
TN343,7
E113,13
CB225,7
MK159,3
SN139,9
PO305,2
B646,8
TA43,6
W1K3,4
BS58,12
CW83,9
PE140,2
SK103,4
CT92,3
TS78,4
BN12,23
BD22,5
HA97,10
CH611,3
EX226,8
CM131,12
ML117,8
IV274,69
DD37,4
SL65,3
PE304,11
DE222,4
EH394,5
MK404,2
CV345,13
RG402,5
CV344,5
RM65,4
BD134,3
W1B1,4
PH80,17
WC2R2,1
N176,8
B629,3
S649,1
BB126,5
CH72,2
LS277,9
BA12,4
DN417,2
WS108,11
W93,4
L304,6
CF56,16
SR46,9
WN35,2
DG99,7
BD61,8
PO29,1
DN158,9
BL25,2
SR84,2
FY76,3
PO227,8
SL73,13
TW45,6
DE656,11
EH458,8
CV370,15
CA156,4
HA62,5
LE71,6
SW128,1
B713,5
BH215,3
LL452,2
DE118,3
YO188,4
NG166,8
BS251,5
MK137,4
B661,5
AB253,5
SA707,5
BN59,9
LS278,7
DE126,3
SY156,6
S712,3
WD38,3
WR103,4
PA607,2
SW22,3
WD34,13
CH452,2
RG143,4
B773,2
GL537,4
RG287,15
BH243,11
GU111,7
RH177,4
HU175,3
LS185,8
SA33,1
CR85,7
AB115,12
ME141,8
HU130,5
GU342,12
E149,23
PO331,2
KT174,8
WS123,3
TN233,9
KW148,8
CF433,2
SA31,8
CA233,1
DY20,2
EH309,12
S266,1
L36,7
HP218,2
IG118,9
MK181,14
CH624,6
SR47,3
AB452,9
BN271,5
G117,3
NE136,5
CM81,2
NG146,7
B756,1
LA89,14
NE13,8
NE14,6
NW110,1
IP209,5
HD47,5
RH159,8
N76,10
CV83,13
CF381,2
EX44,6
L364,1
EH345,2
BA28,7
IP172,5
GL514,5
CW57,7
LA32,4
S419,8
NG349,7
IP136,6
B112,10
PE245,6
NN156,8
CO50,10
CH485,1
LS269,2
S427,10
TS201,5
OL97,3
G664,2
ME24,12
IV88,1
TF66,3
TW137,7
NG122,5
PE159,6
W42,10
IV67,8
S208,4
GU146,6
KT66,11
WC2H7,19
L371,1
SA66,3
SK94,8
RG425,4
BH51,4
S662,4
B662,8
TW92,4
ME74,2
RG238,1
CH488,5
SS12,19
CB245,4
G212,8
SA68,5
LU28,14
BL23,6
PA34,8
TR49,5
SR70,3
S358,4
SM26,5
LS289,1
KT124,14
TQ47,8
OX39,12
DN26,4
KY91,2
E59,10
G333,3
L135,4
HU152,10
CB42,6
TW208,9
DE236,11
SG138,13
M37,4
DG90,7
EC1M5,5
CB227,5
LD65,11
NR13,9
NG200,5
CT157,13
EH46,4
L373,3
BH231,5
TQ123,4
PA238,14
TQ125,7
AB243,4
L184,1
PA351,11
SK165,5
CT34,5
TA190,5
DD76,6
BN274,9
SK39,4
HA74,5
OL111,2
DD81,9
RH37,2
NE661,4
NR231,9
NG319,8
TW33,7
TN146,8
RH185,2
M114,3
GU271,6
BN236,5
BS308,4
B421,10
SY219,3
YO265,2
AB116,16
B617,11
B911,4
E148,7
OL146,6
HA37,5
IP264,7
LL186,6
CO65,1
L376,2
NE425,4
CM112,10
NR58,3
OX74,7
SO505,2
BS397,2
LE74,5
W39,3
SY14,3
SA625,12
WR118,4
DD108,8
TW88,8
IP333,5
IV35,2
NR305,8
PR68,14
BD49,10
EC4A4,6
HP38,17
NG237,12
SW99,8
CM167,12
BL13,2
B659,5
BA111,5
DG125,4
LE27,9
NE359,6
NN74,25
W53,8
HP226,7
WN57,15
B321,5
L64,5
TF13,3
W1H6,6
NN39,8
NG82,5
L390,3
SK84,4
WS87,5
PR12,4
RH175,17
CM82,6
B339,3
AB338,14
EX47,1
HU128,6
NG198,6
DL170,9
NE232,4
ME174,5
KA66,18
PE289,6
SR79,6
BB127,3
MK160,7
DE233,1
NR23,3
CA89,2
CH48,8
AB425,8
G414,6
GL501,11
SO456,4
CA26,4
EH45,3
SN78,11
PL160,2
WF50,2
CR36,14
M54,12
TW209,7
BN86,15
B57,9
L73,2
SM54,7
SM51,2
NE129,10
HP270,4
HU181,5
DY52,8
CV477,2
N211,6
BB114,3
L85,2
TN158,2
B75,9
SG143,11
CW16,11
L110,5
NE231,4
CM79,4
SE184,8
PE14,3
WS14,4
FY13,6
FK27,8
CV14,2
YO187,8
IV478,6
M217,6
L367,4
B700,11
BS35,5
B313,1
WV30,2
SN147,14
DL117,11
HX63,3
CO29,5
SA413,8
EH166,5
BR40,5
SE30,4
BR11,10
B376,3
S39,5
SL59,7
S94,5
B790,2
DG86,9
WD189,3
G776,20
LS251,3
WN71,3
MK184,7
PA626,1
ML84,12
LA145,5
SA40,9
WV59,2
N153,3
KY58,3
CM235,12
TW11,9
NP70,8
HD89,7
DN418,7
PO36,6
SW81,8
EC3A3,1
EX135,6
TN173,5
SA733,2
SN126,10
BR51,6
ST20,3
NW31,17
NG147,8
NW22,1
SW183,8
PR15,6
PO92,6
SO304,3
GU344,10
YO178,6
SP102,2
NR295,4
CV58,4
TR71,9
LE28,6
CT94,4
N195,5
G38,18
B145,6
EX313,11
HA63,6
L193,1
WR142,2
S431,6
G816,9
LE194,7
OX447,8
ST136,1
WD233,1
GL51,5
TF33,5
S639,5
CF612,3
TF26,2
NR104,4
TS249,6
EH395,9
TN221,6
LE126,6
HG29,2
W60,6
BL18,8
E162,19
LU33,19
WR65,8
TN120,8
TN236,2
DE110,1
PE68,8
M168,2
SM69,7
HS75,2
SG28,9
SL58,6
PE261,3
KY169,8
E28,7
M401,5
DD22,5
G823,1
AB159,4
ST145,3
YO89,9
GU104,8
TA14,2
LA129,5
NW90,2
SS117,7
L354,1
L40,3
CH66,2
BB18,4
ME101,4
CH649,2
BR12,7
WV23,6
WV166,1
DE553,2
PO304,10
NG81,3
W149,9
IP45,11
W1B4,3
WF84,6
DL85,5
BD200,4
SK25,6
BD108,5
BN411,1
CH473,2
GU84,5
DE451,10
TS36,3
NW71,8
DD36,6
EH288,15
SY175,14
PR40,9
LE144,9
MK427,6
HP91,15
AB242,4
TR210,3
W113,5
EC3A8,3
IP20,7
TF91,2
SP104,2
AL21,8
CM219,4
G760,6
RH60,36
TS253,1
YO307,2
TS80,7
VKY00,1
RH76,13
E48,6
S25,7
NE481,9
WF26,5
SW148,5
EH53,2
CW71,8
CH431,4
EN55,12
BS105,2
WS67,1
CF374,5
NW106,17
OL26,7
SA126,1
AB513,2
G814,5
BS374,5
GU47,11
EC4A2,1
SR67,9
NW89,9
PR83,9
SK76,3
ST55,20
N97,2
SO164,4
GU321,10
M239,7
CB98,8
RG279,14
LE72,4
DG71,12
E112,6
LS213,6
TN389,10
LA97,4
DE564,6
CH425,2
SL39,7
S61,5
NG56,6
CH87,2
S602,10
WN22,4
SW155,7
SW162,19
SR29,8
CF642,8
B314,5
OX41,6
SM45,9
DE62,7
NE264,1
DN396,9
B178,3
SN55,3
M407,3
DE74,7
GU273,1
NG159,5
WD36,6
KW163,8
S63,3
TR276,3
M445,5
EC1N8,14
IP146,6
B56,10
TA247,8
CR37,8
PH28,11
WA12,2
OX29,12
TN145,5
RG92,3
EX364,7
NR162,16
BS163,4
NR116,5
NW23,12
SE288,3
IP100,15
LS132,4
TQ139,6
RG122,3
CF239,11
BA32,6
CM778,9
DE736,5
SK12,5
GU343,12
PL157,14
BH148,5
BN90,6
PL145,6
SL97,13
LL718,1
NR226,3
WS12,3
CW111,10
EH329,2
S626,4
L377,4
B706,7
BN15,11
NE612,5
LL129,5
WA60,6
N64,7
CF831,11
OX181,1
N28,2
G40,17
BH88,5
BH12,14
CF53,8
KY48,8
B930,5
M201,7
BD135,3
KT205,6
M219,3
DN163,8
RM164,4
HD11,4
WF95,3
NG116,11
W1U2,2
HP136,6
NN142,8
TN174,3
SE91,10
HU170,8
G522,7
L147,1
L97,10
EX312,3
SE128,4
HU115,6
SG47,16
BS313,3
DA14,8
ME73,12
DE248,18
YO259,16
W1J7,12
G450,5
B315,5
ST199,9
CH14,7
YO256,5
FK54,10
SG106,2
CM150,7
PA13,5
UB60,10
TQ59,4
EN76,5
BD46,7
S715,4
SO408,5
CR00,7
WD180,7
SM73,9
SG90,3
IP155,3
SS11,9
CW73,8
CH603,1
SW120,2
MK93,21
GL529,8
SW194,5
B975,9
CA74,5
NR318,4
OX135,6
SS91,4
DN200,9
KT197,2
KA37,6
PR86,5
SN53,2
IP237,5
NR203,8
DT118,16
W1J6,2
LA116,7
VEH01,1
BN176,4
LA206,3
KT121,6
SW138,1
E174,2
M126,10
WC2B4,11
RM66,8
BD89,5
BS164,2
SP27,6
NN49,8
SL25,11
CF117,1
CH24,18
CH657,1
LU72,9
ST65,11
ML12,5
N51,19
WF132,2
RG120,9
RH201,11
WV146,1
KW86,5
SW75,20
EX238,3
HP66,7
CO109,8
TR84,7
PE85,3
TN210,5
ML68,17
IP38,3
GL170,15
BD74,4
EC2A2,15
PR255,7
CB41,11
CH607,5
SO192,3
AL71,14
WA141,3
CF440,7
W1D7,9
LE676,4
IP119,9
SS09,1
S755,3
B757,8
LE56,5
BB24,11
DN172,8
HS20,15
GU345,10
DT63,1
M94,5
IP30,5
TS182,7
DL81,4
SE85,5
RM162,7
EH278,11
RH118,5
CH634,1
B920,23
HP199,4
WV73,9
B495,3
HX13,3
YO104,3
TW93,1
NE22,6
RM38,2
DE561,7
IV137,6
BB96,3
VML00,1
OX263,1
FK70,4
BA228,4
EN80,2
LL128,3
EH152,11
L77,9
SA334,10
LL432,2
W130,7
EX176,4
S80,12
SK116,4
SO163,6
OL127,3
W1S1,15
NG174,1
PA48,6
G28,6
CT187,14
SO152,5
GU185,8
BH234,1
KT123,3
NE490,5
ST11,10
CH653,3
BB11,5
L265,3
PA437,3
CM16,9
PE132,8
NE335,2
DN174,9
LL138,5
EN28,9
DL140,5
EX11,15
LE39,8
IV308,10
BD161,7
DD54,3
SN47,9
EH92,1
PO62,2
CF449,6
HR82,10
CF329,10
CV48,12
SE41,12
KA197,8
PO196,6
PR81,5
TW152,5
BH179,4
PA308,2
B601,9
WA52,9
WS70,4
PR22,5
E179,4
DY81,6
G149,3
PO64,4
M71,3
LS285,5
L209,1
WD232,1
PE282,11
NE165,7
YO613,5
ML67,17
SM67,3
TN380,7
EN51,3
NP206,3
GU33,7
PE322,10
LN21,12
EC2R8,7
GU272,5
CV324,8
CO62,8
SG12,11
NG84,6
S661,8
LE112,7
SL60,9
WD250,2
L70,4
GU170,2
PL288,8
WF76,7
KT13,1
OX294,9
LE672,2
SA115,7
EH478,6
EC2A4,18
B693,3
PL255,6
HP279,5
CM201,5
TR170,1
RM124,5
KA244,7
CV100,14
ME22,8
RM14,6
SY81,1
CT95,5
TA218,4
PH12,5
B168,7
IV201,3
SK152,5
SO454,2
TR262,3
FY16,1
NP203,10
SE256,8
TS269,2
B169,8
DY97,5
GL76,12
CM248,11
NN13,3
NR65,10
NW86,5
PA58,6
PR72,4
WA110,2
G848,7
LE111,12
YO612,1
SK57,7
IV408,10
WN72,9
OX129,5
LL227,4
DD53,10
CF31,3
NP253,9
IG63,6
TS30,3
DN229,4
G524,10
RH89,3
NE157,5
BN436,13
BS233,6
LS16,17
LS31,3
WR40,4
NP236,6
PH15,6
WV81,11
IP124,11
EC3A5,5
BD71,9
NG75,1
SG54,4
SY112,4
PH107,23
HG14,5
BD213,1
B82,6
FY14,2
CF398,7
KA111,6
DT20,9
SL14,15
N156,7
MK438,11
LA218,4
KW116,8
DE75,4
CR41,8
CF145,6
RM94,2
DH46,7
CM226,21
SY217,2
RH202,7
MK78,3
ML29,7
SG112,6
TS231,5
ST52,2
NG21,7
L53,1
S445,17
L335,1
HA51,4
SE183,7
DL15,4
PE15,8
CM776,4
FY68,6
BL90,5
HP144,13
BN111,5
EC1V4,3
PA617,2
HD14,2
CT139,8
BS41,4
LS28,9
B496,11
PL267,10
SS54,12
ME50,4
WS124,11
CW69,12
LN86,8
GL539,11
TN261,6
DD13,7
EX55,4
B235,2
DN122,2
BH107,5
LS124,4
G735,8
SR48,6
WC2B6,4
NW17,7
SL15,6
GL69,2
M125,6
NW88,13
CT194,10
CH623,7
LA13,6
BA129,3
SY134,6
RG253,8
FY54,3
L333,1
SE181,5
CH442,2
W1D2,3
CM202,13
NR217,9
BA115,5
DD47,8
WC1N3,9
W1K2,14
SA327,7
WF59,9
FK77,10
L188,1
EH88,5
SL44,11
UB40,10
PA168,2
GU99,9
SM68,3
LL114,4
ME38,5
NG242,15
PE301,4
L94,1
SO508,5
PE330,12
WF105,10
CH628,4
NE62,8
AL48,9
YO519,10
HX26,4
B633,7
SO407,5
RG29,9
TN110,13
N183,7
SK221,1
LE15,15
ST99,3
SE218,4
AL37,10
SO323,7
BB98,2
GL15,4
SO169,2
B904,12
EC2A3,11
RG304,13
CV61,6
SA708,6
CW30,4
RG401,5
SS39,12
SS164,8
CV115,1
ME138,13
WN24,10
KA80,4
SP79,9
HG11,6
DL133,4
TR113,3
M280,1
GL75,17
LL116,6
DL82,7
CA75,2
OX162,4
TD58,15
NP443,7
OX38,8
PL75,8
LA58,8
SK71,7
L128,1
E14,3
NE687,1
CF32,6
NP234,4
HD12,10
L230,1
L26,2
L204,4
GU73,8
BB25,2
KA198,12
SW1P1,10
SA336,4
EH217,8
PR33,4
M225,8
LU27,12
GL530,6
CV47,9
CH495,1
SK93,9
EN61,4
CA11,7
EH93,8
LS146,9
EH12,13
ST31,3
L31,2
DL149,4
RG424,5
L130,3
EC3M4,1
CH659,4
M231,3
M202,13
SW50,17
GU350,5
S635,3
SP51,7
M206,2
NW19,4
HX76,4
PR67,7
DD68,8
YO264,4
NE638,4
YO306,1
SA106,10
FY83,5
PH414,4
FK14,6
S48,8
EX67,12
HD95,2
RM188,4
LA63,9
CB40,3
BS13,19
RG303,15
M405,4
RG306,7
DA119,7
DA53,3
SG87,7
GU67,5
LS225,18
SR20,5
NE226,1
TR183,2
NE12,3
BL33,9
TW91,10
NR117,4
TF125,3
ME194,5
S338,1
YO127,3
PO377,4
L115,2
BH63,7
G211,3
ME145,8
KT109,17
PL303,8
EC1V7,4
NG157,9
NP49,2
BD11,11
WV155,5
CH494,2
CH662,7
GU97,6
B95,8
DY69,2
NE33,14
S418,3
RG20,7
GU71,8
W1B2,1
RG252,27
W1T4,19
NG190,5
N66,3
CV79,18
B707,5
HD93,4
SW90,4
PE37,1
HG42,2
BS110,12
LE48,6
SW21,7
SA389,2
RH104,14
N11,5
IV212,9
YO140,4
TN197,7
DE737,4
DG29,7
G13,7
DL135,2
E50,3
B422,3
SA34,5
BS45,3
TA94,8
LA12,4
LE115,8
CF349,9
MK197,14
OL50,2
TD97,1
CH664,5
CH614,1
NN174,3
SG14,8
LS110,8
HP217,4
L49,1
BN253,5
GU195,15
WR37,7
L186,4
PO200,6
PH41,3
PE126,9
SO315,6
SK67,6
SW100,18
LE98,6
BB21,8
PO51,2
SS155,8
SP11,7
N29,7
SY45,6
TD124,14
BB49,5
LS27,9
IG38,2
CH76,13
WA88,8
FK20,20
LE168,14
LS253,6
CW82,12
FK42,7
ME196,3
PE303,3
G428,8
E63,6
ST78,13
TN402,6
PO301,5
DY48,7
CV120,3
CA65,6
SK92,6
IV488,2
KT58,7
CT125,6
PA417,2
W1J0,2
TR166,4
DL93,1
NR330,4
FK208,10
S87,6
BS154,2
KW126,8
S37,6
GL102,3
SE220,9
AB210,15
IG75,7
NE302,2
DH90,5
M298,4
DD77,6
BR75,12
RG147,5
L242,3
EX165,6
PE86,20
WS90,10
BA116,2
LL170,11
SG75,6
SW1W9,6
SE151,8
TW63,6
HR20,7
CF375,6
RM111,2
LA128,15
PE129,7
L153,5
NW109,1
DE130,10
BS206,3
YO74,12
S425,11
TW13,10
PH233,7
RG91,6
OX127,5
LS212,4
WV82,1
CM71,1
NE347,7
HS95,9
CT33,3
PA676,1
S101,3
SS00,3
SS69,3
ME169,5
RG78,3
SG193,5
NE388,8
CW96,8
TN218,11
SK14,2
HU28,4
ST102,3
NG121,1
G415,3
S254,5
L345,4
CO11,14
WC2A3,8
OL102,12
GU13,9
LL111,1
IG74,2
TA37,12
HU88,2
CB101,8
S433,5
LE674,2
TS123,3
SG61,8
SG20,3
B113,3
SN138,8
TW25,3
EN62,3
BN69,16
RM204,2
BS208,7
KW15,3
W1T7,1
GU32,3
PA212,3
L239,2
SW24,1
EX152,3
DT65,2
EH299,5
KA280,1
SL57,15
NR218,5
N79,12
TW184,8
RG457,6
NP198,2
WV44,8
LN13,8
BA22,5
NE34,4
CT118,12
CT126,7
GL569,6
HR47,5
EC1M3,1
RM139,13
NE46,3
HP65,7
S450,7
AB416,9
HP235,7
EH41,3
SO416,5
B783,15
DA82,11
DE43,8
CF425,4
CT124,6
LL476,4
HR35,4
SM71,4
IV47,14
N18,13
FY55,5
LD30,8
IP326,6
CH13,5
DE19,2
IP114,2
E34,12
TD152,18
DA40,8
AB517,4
LN118,5
ST14,4
SO140,5
IG14,5
HP24,15
ML91,2
B24,17
GL103,15
E176,11
LE128,11
PR42,6
TR126,5
DY49,9
DA161,7
B347,5
TW178,7
E79,8
S339,1
G315,4
WN21,9
DH33,6
BL82,8
LS287,8
PO207,9
CH466,1
BS361,7
GU307,13
OL164,8
BA151,3
WD187,8
CH433,2
LA127,3
SE167,6
IP60,5
PH263,12
L229,1
EX27,12
BD220,5
BS378,4
L280,1
BH178,3
BB73,4
EN63,13
PE220,2
CA117,4
KA227,2
PA26,7
NE663,11
NP265,14
G403,7
ST47,4
LS159,1
G226,6
WV100,7
SK146,6
S184,5
L258,2
G133,7
PL254,2
NE614,1
SA32,4
PA237,7
E11,11
IG95,5
CT214,13
M26,1
N41,6
S330,9
FK65,10
SE172,7
GU220,10
TQ27,4
SY39,3
S364,3
SS154,2
ME185,8
NP121,2
E67,2
EX363,6
AB107,4
NP199,5
EC3A2,1
LL717,1
S187,1
L169,1
TQ26,1
HS33,20
GU149,4
M229,2
B120,12
WC2E9,6
FY37,7
L48,1
NW67,6
LA120,10
SE18,11
ST53,9
BD50,4
CF465,7
BH255,4
G662,2
NW95,8
DH31,2
LS196,7
BS419,1
KY11,15
B755,7
CH457,2
G613,4
WF110,8
S173,5
PA146,10
NG42,6
LD71,6
RH56,17
CV225,8
BH26,4
AL97,8
IP327,8
IP41,4
NE47,5
W1F9,11
L37,2
M436,2
TN118,3
WV113,8
BB27,9
TA12,4
BL16,1
CB259,10
N167,4
RG415,12
HU33,1
NR323,6
IV118,3
HG27,6
ME102,5
CT102,12
OL165,4
NW32,8
BH177,4
B903,8
CH415,1
WN68,10
SA16,8
LL303,1
LL142,1
L372,4
LA232,2
PA152,3
EH52,3
SY25,7
LE131,5
CH420,2
IP288,7
TN56,5
KT198,10
G699,6
HP100,10
S212,2
IG45,5
LU12,6
CT13,16
CT203,10
AL13,11
WN87,3
SO225,14
CR05,13
BS82,7
BS247,1
EN11,7
GL141,4
NN141,13
IP256,7
FY29,1
DD83,10
TS254,4
DA26,18
TS177,4
IV38,11
IV519,15
WV124,6
M111,3
KT229,13
TA187,1
DD69,1
LN121,6
ME206,12
SS118,8
CR07,7
CA12,7
WS120,2
TS274,7
WV39,1
NG24,16
G329,6
LE192,6
PL210,14
PO213,4
CT12,8
RG208,11
PA656,6
E181,6
BD57,4
AB368,17
EC1N7,7
DN69,3
CT29,6
GU513,13
CH451,1
E20,14
CF244,10
DN333,1
B929,4
TW107,4
NW118,6
CH426,4
CF818,1
DD39,5
BS20,15
N32,11
B32,8
EH558,15
ST137,15
TN133,7
TD135,9
SK121,16
PL98,5
DH44,4
EX100,14
HA52,7
TW61,21
OL42,3
SG64,6
WR53,6
M68,5
IP13,5
KY12,8
EN91,6
L159,1
W1U6,2
WR136,4
IP138,3
HP112,5
EC2M1,1
DA83,7
SE37,4
NR192,5
G775,5
TW50,5
NG316,6
IP186,3
KT185,18
PH221,10
SK58,4
B280,9
L79,1
PL189,1
BB30,10
LN117,6
BB79,6
TS202,3
NE332,6
CT20,8
WC1X0,7
BN251,5
LS142,3
PL146,9
AB441,1
IP221,10
BA17,2
DN220,8
B628,6
SP105,6
SW1Y6,8
RH161,5
TF20,2
G715,4
RM166,4
KT171,4
G639,6
BB88,7
DT40,2
LL285,4
HA90,19
ST59,7
DN145,7
ML28,10
RM81,4
IP242,9
L187,1
SN84,4
TN128,2
SE58,10
SN67,4
PA67,2
B458,8
CH458,4
BA215,7
WA27,5
DE53,9
LU56,19
GU103,4
KY157,9
DY11,4
SK143,7
CV13,1
SN153,15
GU479,1
DE212,4
NE125,1
IG26,7
ML119,20
BD63,7
S252,5
SO151,9
EC4R1,7
TW148,12
CH639,3
CA64,11
SL68,8
WC2N6,19
BD72,3
RH105,8
TR151,5
EX174,1
EH151,5
DE238,6
MK65,5
G468,12
UB100,9
RM109,8
CM187,11
BL36,5
L208,4
BS43,6
DN226,4
DE42,10
GL43,9
SY58,3
BH118,7
PE253,4
AB228,12
EC2M6,6
EX79,4
SE187,3
ST16,7
CO168,5
BN28,5
HP198,6
LL615,3
G340,1
IV448,4
CV56,9
PE25,9
SW67,5
W1K6,9
CR28,8
WF129,11
TN159,2
TN61,7
G759,6
L314,2
DG54,1
E178,1
HX39,8
DN213,6
WS32,3
PL125,7
N44,5
LL573,4
ME121,4
LU49,9
BA68,3
CF311,8
BD94,3
CW60,6
LE679,14
SY82,2
LU15,4
IP130,9
TS273,8
CT149,9
PR266,2
TN49,4
EX82,10
LA96,1
NP183,5
TN401,5
WN60,9
DT49,8
EN29,4
TW165,4
WC2N4,12
NG73,7
YO233,8
BS167,8
L92,2
SS72,8
DA121,5
WA76,7
LE35,6
M90,3
PL66,1
GU299,5
S651,7
CW55,4
G207,5
OX265,1
AB514,2
KA48,4
RM77,4
NP113,4
YO152,7
SO185,4
B650,8
WA51,10
TW27,20
WC2A1,5
NE697,1
RG146,7
NE324,3
NW107,14
NW14,2
LE20,9
HP109,17
KA71,4
N16,10
NR31,4
BS137,8
WA142,3
HD97,1
BS70,10
W1T6,3
BB186,4
PE285,14
SN154,13
TN254,14
OL138,1
NR257,6
M287,1
IG12,5
LE182,8
NR322,4
SW59,18
WS153,6
NP115,5
SL41,3
LS64,4
L155,3
PE218,3
CH414,3
DL63,7
LL606,4
G443,6
LU62,7
TS12,10
LA31,1
L108,4
GL503,4
ST179,7
EC4N5,2
PO52,6
SA147,9
NP166,8
GU249,10
HU67,9
NG125,10
LD15,8
BD150,5
L346,3
G671,7
CM34,7
NN85,2
BD181,7
SA14,2
IP243,11
HP123,10
CW81,7
NR338,5
KY155,9
PH364,12
CH453,2
CA125,3
BS81,12
OL13,6
BS405,5
NR50,5
LS126,5
SN267,1
NP264,1
CW109,6
BB115,12
BH92,5
WS140,5
SW74,7
CA143,4
OL37,5
CV78,16
TS197,2
S720,1
BS162,1
BN115,4
EX164,3
SS92,9
CO39,1
EH153,7
IG88,7
IP171,10
SL09,11
N134,5
RH98,19
FY82,2
IG101,6
EC1M4,5
SA49,5
WS151,4
EH526,14
NG33,7
ST189,19
CM133,22
B449,6
PE203,4
EC3M5,2
NN37,1
CO155,3
KT12,9
BL22,2
S255,1
HP43,9
W140,4
NR33,5
RG73,3
PL126,10
LL413,3
L83,1
BH206,5
AL55,8
TA109,6
EC2M7,6
AB453,12
SM27,8
E16,22
AB437,14
DA146,5
CF313,10
PL312,6
ML15,18
M145,5
BN265,5
WS110,9
LA105,12
KW66,1
DN365,10
NR268,6
OL148,5
EH484,3
CA174,14
OL104,2
NP202,6
CF402,5
LN139,5
NP224,2
PR27,4
PO376,5
SW179,4
KA91,4
M191,13
SO212,17
G21,2
S188,3
NR147,5
CB250,6
WF20,9
TQ46,6
CV136,3
ME160,4
LA15,4
SY161,1
NR347,7
LS90,7
SE115,13
FK82,8
M41,5
BS93,8
SM44,7
LL143,1
NW117,8
E175,3
NE646,3
ML126,70
DN31,6
W51,3
CF717,8
S604,12
BL70,2
SW31,10
AL54,4
EH145,2
W25,6
SP40,2
EH141,7
S23,5
SL63,17
SO506,10
PA457,1
SS95,9
RH139,8
E130,2
KT168,6
DG11,1
BD58,5
YO86,5
SK230,3
WA53,9
SK236,5
WA102,3
NN40,6
EN92,5
SY100,5
WV108,7
DN12,9
IV636,4
CB17,3
HA12,9
NN126,12
SO403,5
YO411,6
SL11,21
LS158,9
M187,5
UB11,5
RM37,3
NG97,8
BH151,10
YO130,5
SG53,9
GL527,2
BD40,7
G672,9
L125,3
ST42,16
PA286,10
NG72,20
PO326,1
EC4N8,2
PA666,1
OL96,3
ST161,11
EH39,8
ST86,5
SG192,15
AB167,6
G822,8
NP108,12
YO319,4
CF834,6
TS104,1
RM108,12
M21,2
SY186,13
WS136,3
WD37,1
LE183,6
KA32,3
EC2R6,2
SY233,18
WR12,12
AL60,5
ME142,5
BN38,8
PL219,5
PE234,5
B389,5
EH68,5
KA152,7
IP110,1
S325,2
CO102,4
RG414,5
PA59,8
SG13,3
HP11,3
RM156,6
SO226,2
ST63,6
B11,6
DE757,6
EX379,11
L202,1
CM170,6
EH35,12
DA118,9
PO195,3
NR95,9
DL41,8
DE224,7
MK179,22
HG20,2
RG48,12
ST64,5
BN252,2
OL27,3
ME103,7
DN48,6
BS78,2
SE231,5
W138,5
N98,2
SK164,3
BN237,3
SG180,1
SK11,5
SY232,1
SN103,4
AB345,9
SG11,13
E82,8
HP27,13
EC3R5,13
ML69,7
CF434,7
FK166,1
SM60,2
G334,9
L253,1
PL15,4
PL53,8
DE138,8
KT122,5
N111,7
TR36,7
G335,3
YO124,4
IP43,3
SW96,1
GU240,9
G420,9
EH37,6
KT160,17
TA188,4
EH104,5
NE200,7
LS165,4
CO43,9
TS13,6
NG52,7
M24,1
HU139,2
CR82,12
WA37,8
TW14,2
S103,5
NG86,3
IP300,8
WC2A2,5
NG165,3
ML27,4
NG17,6
PE46,8
SO509,8
S261,1
HU129,6
AB241,1
MK158,6
SK73,4
OL139,6
EH446,5
NE286,4
PO318,2
L337,9
WC1A2,2
BD233,15
NN45,2
BB71,7
PE219,4
SE229,4
YO241,2
YO606,1
S458,2
HP137,5
M13,9
LA11,7
NE625,4
IP16,10
NN47,6
G157,4
S410,5
GL513,8
L397,2
YO83,2
FY15,6
BR35,3
UB35,3
HA38,3
TD75,24
RH123,16
CM50,1
DY98,4
TW80,5
FY78,4
S625,3
M446,7
SP29,2
DA144,5
KA170,4
TR209,6
CM234,9
YO304,5
SW161,2
G11,13
DN47,7
B236,6
NE51,3
LL519,1
SR81,3
DD48,9
WV14,3
RM125,9
WC1R4,3
NG32,1
GU337,4
PH31,14
CH411,5
EH496,11
B114,5
EC3A7,2
E145,26
KY81,3
ME139,10
PO360,3
EX393,1
OX92,6
YO125,4
N135,12
LN58,7
N225,7
ST73,10
GL114,4
GL542,3
DD23,8
IP83,12
PA328,9
PE317,3
M408,9
BL96,20
NG96,7
WV112,17
CH54,8
DG140,3
TW74,2
FK53,3
LA80,22
PE316,13
KA120,3
RH103,10
WV50,3
FK81,5
SN81,2
ST35,5
EX347,4
S350,3
CM233,7
NN109,5
AB534,2
DL62,7
OX182,6
PA467,2
SN95,3
CF245,8
PL81,2
CO79,5
W1J9,16
KY113,2
TN103,5
SW113,2
SO208,5
RG301,7
OL159,1
OX20,3
TN224,3
GU126,6
G208,5
SP84,4
RM95,4
EH22,27
IP164,7
CH669,1
TS248,6
DE39,9
NP40,5
IV27,10
CM27,9
KY118,6
PO124,10
LE24,4
B711,4
YO244,3
CH71,6
EH139,7
TQ149,3
EX12,5
PA487,3
LE97,4
NG171,4
OL128,7
N144,12
DT119,10
PA686,2
N101,5
IP198,6
KT81,3
L349,6
GL207,8
AB554,2
DT93,3
EH11,21
B65,5
BN126,3
G521,6
AL53,7
ST103,1
GL156,4
EN20,3
BB104,6
SA44,2
SK96,3
DD12,5
DT101,4
FY20,10
AB392,10
LN95,7
TA100,7
M12,17
M167,6
B664,6
DL56,16
YO415,2
LE14,1
LE46,5
SO510,6
NG173,7
L238,1
S705,5
DE562,9
W22,15
W148,25
CH493,2
CT46,13
LE50,6
SK102,6
ST36,3
SN28,4
B742,12
HU76,2
KA106,4
SG89,11
OX116,2
PH62,5
NG92,8
TW149,4
ME115,3
AB538,3
B736,1
LS296,1
GL167,4
NG60,6
TS42,6
OL35,15
PL340,3
WA104,2
EC3V3,4
PA331,12
FY11,3
EH222,4
LE23,7
S321,1
BN34,7
BL24,2
BN71,5
TS233,3
ME137,6
SW84,10
SY59,4
RG317,3
CW98,5
BN207,4
CT119,6
CV82,14
G50,5
TN132,13
DY85,1
SK85,5
WA83,8
EX391,5
TA82,9
EX239,11
DE58,1
W1D1,4
OX14,8
WV21,2
BS50,4
SP52,7
CF643,1
CH632,5
EH192,1
LL551,4
B83,6
AB544,20
AB118,2
NE81,8
ST163,14
M300,13
LU73,6
DN228,18
L134,2
M502,5
SE95,7
FK11,8
LA144,3
TQ12,2
WD173,6
ME156,13
E47,7
CM12,6
LS13,5
M203,4
RG249,3
PE318,13
RG76,4
L408,3
WR26,5
BH170,1
YO85,7
NR191,5
EX167,7
WC2E7,7
EN107,5
TQ137,5
SN268,4
HR95,5
B436,5
GU213,4
SR27,3
NE312,7
EN14,5
OX331,13
CB113,14
BB113,6
L393,5
CB30,19
G758,3
ML85,16
BR14,5
G847,3
NP201,12
TF65,7
AB119,3
NE297,2
EH105,7
TR37,6
DE139,10
SE254,6
CH51,5
BS149,5
PE344,8
HA26,3
BS305,7
WF156,3
G227,7
UB111,4
WS29,7
E139,2
SA149,5
L33,3
EX122,4
SY245,6
CV226,6
YO179,4
PL11,8
SO531,2
YO614,2
LN130,2
BS56,4
GU336,5
G727,16
EC2V5,6
BA213,6
CA158,3
IP28,5
UB31,10
WS53,4
OL84,5
NN26,5
TS135,2
CM777,3
DN105,2
WD171,2
NP205,12
BS234,4
BN11,12
HU74,8
NE97,9
SE13,23
S756,3
HD62,2
BN21,5
HX61,2
IV327,6
SO157,1
LE13,10
SS07,4
SW47,6
TF34,9
L168,2
WF118,6
PR82,7
CA93,7
DY116,1
WF176,1
E182,6
EC3M3,2
IG50,5
B938,9
SW25,5
BD215,7
DH88,2
DT73,6
HX78,3
EH547,5
BN124,9
L250,4
TN91,16
SA200,18
PA124,5
SE59,6
DN214,6
LL163,1
GL139,2
UB96,12
BA53,8
SS156,9
WF62,7
N155,5
CB23,11
NG103,11
M53,6
B322,5
SA151,4
DY101,17
CF355,6
CT27,5
NE613,13
WA71,12
CM144,6
L334,2
B743,4
CW12,3
EH24,7
SN34,15
B927,2
SG166,7
ML41,11
G667,5
SA12,6
SE136,14
WF179,7
TS198,7
W45,8
SS141,8
NG77,6
GL510,8
HG35,1
WA94,9
B988,7
PE92,4
NE290,2
PL311,9
FY42,7
PO130,8
SE145,9
DL178,6
CF30,9
L154,2
LL554,7
S706,3
LE184,6
TN30,4
RG27,6
TQ74,5
E84,9
NE32,10
TR148,2
L78,4
GU236,6
NN95,13
BA169,3
PE251,8
WR25,5
DL57,1
LA195,3
CH467,1
S432,2
CA142,2
NN127,3
SK72,1
BS66,4
M904,3
HR40,5
GL60,8
B323,7
WC1V7,6
NR294,9
SE279,12
WS86,7
NN82,5
BR31,5
EC4A3,6
GL72,1
EX48,3
NE323,5
LN60,2
BS228,3
LE127,8
B139,7
GL71,8
E66,14
CM31,9
ST147,5
SO198,3
NG27,7
SE57,8
B55,8
GL48,9
CA287,4
PE114,8
ST46,5
CF104,14
ME45,8
NW101,3
LA29,15
CH602,1
FK136,4
PE283,4
GL523,2
AB316,7
SP85,8
HU11,6
IP11,3
NG335,20
SN96,13
SY57,2
TN377,7
ML14,9
OL44,5
CF838,8
TS122,6
N193,7
MK442,9
SA488,13
TF107,6
HD58,5
G661,7
YO325,3
PA113,10
LE100,4
CF623,12
ME80,10
M282,7
NN56,8
NE61,3
ME157,1
CW15,8
DN159,7
YO627,2
SL62,13
B219,5
S403,1
RG71,7
PE149,1
BR26,10
GU266,11
CF365,3
KT245,7
TN234,2
G782,4
SS131,7
EC2V6,10
TD90,23
DA74,3
DN67,8
CM94,4
TQ95,5
NP194,8
SO249,12
BD235,7
DA157,2
ST58,2
LS42,7
LE41,4
BN36,5
NP238,1
BS165,7
WA13,6
CM59,11
PE356,4
SP28,8
NR93,6
CW47,3
TQ109,8
NP132,10
GU24,3
SW85,3
GU148,11
CH665,1
IP214,8
TS56,4
PR10,5
SE29,10
L157,2
CV376,6
SN128,1
SL98,20
BR88,15
SP53,8
SY38,6
OX254,3
HP12,9
CV32,10
CA66,3
SO314,5
S117,6
SY107,6
BS345,11
DE13,8
SW23,8
L129,4
HX27,1
NR14,3
M47,1
LE130,7
NP181,13
TD13,5
CH429,2
SP63,2
OX155,4
TA26,4
TN172,9
BS484,2
G729,11
M97,4
L211,1
KT146,7
SA659,4
TD86,15
N42,9
PL206,6
ME172,13
SY36,2
NN188,1
AL14,2
EC4Y0,8
EC4V5,8
OX118,6
EX187,7
TW118,5
RM39,4
NG209,6
PL13,6
CA40,15
RG291,10
HS53,2
LN24,7
DD84,7
TS159,9
FK159,10
WA145,5
DA38,17
LN119,5
ST148,7
L52,2
CM07,7
SE208,6
ME207,14
B680,3
MK146,3
IP265,14
SL99,3
LU13,11
CF466,6
EH120,2
M113,1
CH445,3
TS101,3
NG23,7
SG48,6
SP118,4
HX48,9
DL132,7
WF101,3
PR21,5
CT201,5
EX332,9
AL96,6
EX203,6
RH176,24
PE262,1
RG316,9
RM12,6
YO421,7
PE67,12
LL298,5
SK224,3
LL538,5
OL130,6
SY78,3
PA20,2
TQ140,1
PA27,8
TR72,6
CF401,5
EH65,6
TW153,8
DH89,8
TN393,6
W69,21
SA445,4
TA70,7
TQ45,4
WD245,6
HP124,4
S123,5
SY235,3
BA23,4
SY147,1
CA222,10
NE243,2
ST48,19
OX77,2
L370,4
CM98,4
E29,7
TN231,10
PE100,9
TS213,9
CH65,11
SO165,2
LL184,3
GU29,9
CV66,24
L693,2
M192,6
SW115,13
YO322,4
EC3M7,5
RG67,1
SE162,6
WF61,9
LL199,2
OX26,5
PO197,2
OL14,2
LL414,7
LN23,7
BN17,4
PE38,7
L181,4
BS84,4
SA446,4
TD11,9
BD176,2
AB439,5
KA203,4
L374,2
S740,4
PL67,12
YO323,4
B448,6
TA35,8
LS73,5
IP313,5
DA75,4
EH403,3
SP78,5
L145,1
TS296,5
WF127,2
L318,2
LS123,9
SO166,6
L277,1
L162,2
RG16,6
LE73,4
DT64,6
IP270,14
PE166,5
NE716,8
SA399,2
BS262,14
NN67,28
G326,2
B744,1
WV11,14
PH185,18
NG244,4
NG322,16
RG422,1
SN101,4
N226,12
PH165,13
SR32,4
SN130,5
PO95,2
EH111,6
SE217,1
B487,15
W30,7
EX331,4
PH128,1
DG88,4
IP332,2
RG278,17
EH75,9
HX36,5
BL32,6
CF314,6
LU74,6
IG89,3
NE296,7
SS68,6
DN329,6
CM62,5
PR252,3
BS34,4
CV130,7
IP222,6
NG53,5
EH375,8
S613,3
B435,3
ME71,7
LN82,1
IG102,1
ME46,7
LA45,10
SE146,5
SL45,8
OX75,7
TA229,6
TF16,4
KT206,19
NG83,7
HD13,3
NG110,7
TN279,2
BL67,1
BN18,18
WF28,3
G813,1
BD62,3
RG141,9
LS143,4
KY25,21
W129,12
NR152,11
NE301,1
HD16,2
LL260,6
SY234,13
BD15,7
DN378,1
LL112,2
CM132,7
HU31,2
NR129,6
S95,6
EX149,18
GU254,11
PO14,4
CO139,5
CA102,21
NP48,5
NE258,5
ST162,5
BS28,5
HD75,6
RG189,14
CW25,8
CO125,5
ME65,6
NP237,3
ME11,2
BD157,4
PH74,2
KA183,13
S102,9
W1S4,4
BN180,13
L183,1
SW112,7
UB32,3
S648,9
DT117,5
AL22,13
WV165,1
ME58,8
M130,12
EC4M8,2
WA150,6
DN173,6
KT47,2
KA11,4
W41,8
WA168,13
BN131,1
AB423,10
EH482,11
BA149,3
IP215,6
E143,16
ML93,9
B368,2
PA776,3
G49,6
SR69,5
BB23,5
M460,4
GL52,2
SW165,2
PL266,5
PR17,3
SY11,7
EN37,11
PR50,6
BH232,6
BH154,7
SG88,9
HR12,6
PO198,10
CT70,7
KT67,3
PA427,4
GL504,5
BS240,5
TF27,4
GL205,4
BB19,13
LL210,15
G837,13
PE192,4
IV361,1
HA36,10
SN36,7
SW40,11
B603,10
PO368,4
PR54,7
RG270,10
NN144,13
BH14,4
TD46,5
L96,5
PL144,10
G750,6
TF136,6
PE60,9
WC1X9,7
M308,4
LL328,12
L16,3
KT35,5
LS141,5
EH259,2
TS146,4
KT91,9
CO49,5
KA184,9
LS131,5
KW14,8
ML92,15
KY30,12
DG112,13
B54,18
GU228,10
PO176,1
NE250,5
PO345,1
AB327,4
MK92,9
PH337,14
SN11,13
SR11,9
GL53,4
SW1P2,16
B619,8
BD214,6
LA139,3
TN11,9
M178,17
L259,1
MK64,3
HR60,10
L363,4
NG130,3
SE153,6
CH448,2
CB216,5
TA65,4
EH21,3
E201,17
SW1Y5,8
NP167,8
WV69,2
M241,10
PL350,2
SO160,5
BL17,1
OX142,4
LE79,14
BR13,9
LE53,2
CF237,5
LS286,5
PH14,9
RM141,10
DL128,3
SY41,14
TS57,5
LE11,18
CM179,9
PO303,5
WA169,14
TW47,9
CA87,7
CR08,4
KT113,16
L151,1
NW33,6
CF328,7
ST56,6
ST45,1
DY51,12
CH651,4
LL382,3
NE373,3
RH69,15
HR36,1
WC2R3,1
SG111,7
BD183,4
GU147,9
EC1A2,2
HR27,7
NR70,14
RG194,10
AB565,8
DA124,16
SA148,3
LS62,9
SK153,3
HD94,4
SP20,5
EX173,4
B956,3
BD162,2
RG61,15
DL148,4
NR256,6
W55,15
EC2V7,5
G663,12
LL547,1
SY109,4
SP103,11
LL330,7
TS68,6
CH460,2
LA220,14
BA13,7
L401,1
L55,5
CF236,6
ML36,4
SY129,4
SW196,5
PA153,3
CH883,1
G644,6
S802,8
KA129,4
IP279,8
TA41,2
WA143,3
SO181,2
CV378,7
CA56,3
GU215,5
NN112,6
TF11,6
OX296,10
NG118,9
HR74,10
RM26,1
CF144,6
IP143,7
WC2H8,10
CF645,4
SS08,6
W1D3,15
HG28,4
G36,5
NN46,11
CV109,7
OX141,10
WF29,3
M262,6
CH600,2
AB547,9
PE378,6
CM159,12
CA70,3
GU153,11
LL181,5
TQ148,8
EC3V1,4
L35,8
BH49,4
LE101,5
WF94,6
E46,14
HA14,5
BD240,7
EX311,3
DN124,7
WN59,6
CM194,1
PO89,6
LE36,2
FK95,2
CB20,2
CA157,6
L254,3
CB102,6
TN150,12
DN50,7
PE93,13
SK56,7
OX154,8
GL40,11
WF41,10
G731,7
SW1V3,23
EN35,3
ML38,5
TN129,7
KW136,2
DD24,11
N70,1
SS170,5
NE63,6
OX44,11
RM187,7
WD61,9
YO268,3
BA227,8
BA26,14
RG46,8
SO153,3
CV35,2
PL329,13
YO194,5
DL129,13
L214,1
SO535,3
TA203,4
LN41,6
GU86,5
PA200,2
ML54,18
DN327,2
TN255,4
MK37,6
BS481,8
TN104,3
KY168,17
LE60,5
CV311,6
CR96,1
DD11,7
RG412,1
BH105,1
TQ124,8
NR205,6
YO151,2
TN57,7
PR60,2
LE190,1
GU290,2
WR49,12
BL66,6
PE135,4
BD249,4
NE16,11
CH446,2
EH142,5
BS408,5
TN163,6
DE64,3
LE96,5
SY133,4
BN31,6
IP142,4
SW139,3
PA167,5
BA128,5
MK77,4
L28,1
PA86,5
SS178,1
KA13,4
DL70,4
TN63,7
B675,4
PO369,4
SO452,5
GU27,9
NW104,6
CA141,5
DE240,10
N19,22
BA45,1
GL33,2
KA128,6
L395,4
CB223,11
PR254,2
NP254,4
SK30,8
KY147,7
B694,6
MK168,6
TR153,6
PH118,7
RH162,3
CH412,5
BN214,1
CV327,9
SA92,4
CA139,12
CF624,3
PA145,8
W1G8,10
AL86,7
SL43,9
DN345,5
G733,4
NG334,18
PL54,6
PO201,2
LL182,3
RH140,6
HP189,17
GU478,1
RG95,3
EX327,1
CH436,1
SO317,7
DL23,8
NN155,13
NR135,8
PL253,4
HX62,3
BN272,5
SY218,12
EX201,6
B258,3
UB54,7
WS31,2
PO96,10
N136,3
M901,2
LL660,1
OL147,5
L407,1
HP25,3
S56,7
EC3V4,2
CF52,10
L175,1
WV147,7
LS99,5
UB70,16
S369,8
HP92,21
L342,1
DH65,10
SG49,9
B276,6
SK142,6
BH257,1
HR48,4
OX52,12
OX37,4
BA33,7
KA257,4
SE10,19
SR31,12
CA270,2
HP202,2
WV60,10
M403,1
PO381,8
NR321,6
ME104,7
SA431,2
CH23,2
CB21,8
GU125,4
BN132,7
CV12,11
TQ97,11
CR81,6
LE85,6
KT138,13
W1T1,6
L194,2
CF470,8
DE142,10
CW100,13
IP286,19
TS102,2
DN402,2
DG46,11
HS85,7
S748,2
TD74,8
SO150,9
M147,7
LL301,5
NG229,12
CF632,3
EH209,11
OL79,4
EH64,5
N87,1
PH394,4
M84,1
RG15,5
WV45,5
SK122,8
EX151,5
EC4V4,8
EN48,8
DN332,3
HR13,5
SG128,4
EX230,7
RH158,5
PL101,2
NN32,2
LD44,8
AB140,3
W1C1,4
CM227,21
KY103,7
NG16,3
CA103,23
W92,5
CA27,8
DA13,7
HP170,7
ME75,1
HU92,4
PL198,8
GU154,5
SA459,3
WN40,8
W87,5
WF82,3
G674,6
B689,5
DE232,1
SA114,3
KT36,7
NG94,2
NE470,3
DY130,3
GU14,8
UB25,7
EH497,8
AL100,6
SS143,8
LS15,6
PH27,10
KA35,5
BH213,5
LL595,2
SY131,8
HR53,8
NE288,5
L271,2
NR103,6
AB548,2
BD194,5
SG85,6
IV170,8
BH77,7
CB80,12
RG28,6
LN35,2
PR74,4
DG14,12
SA340,6
S713,9
NN66,6
NN48,7
CO57,3
BN208,4
RG413,3
CB62,3
BD195,1
CM72,4
L315,3
SN66,5
PL131,6
GL517,6
RG198,4
RM176,2
CH47,4
BN220,3
WC1H9,6
BB129,5
GU229,2
TN157,17
IG62,4
NE15,6
ST44,12
EH165,6
NW12,18
RH42,11
NN72,19
PL124,9
PO141,8
GU280,9
NN297,13
CV11,17
SK151,5
SW114,9
B67,11
BH80,3
N165,2
WV24,8
WR38,4
TQ58,2
DH58,5
SO532,6
BS377,4
LS145,3
CH463,1
LA27,1
WF160,1
M124,4
SK97,8
BN162,4
PO49,7
UB69,8
G413,4
NP151,14
SE114,9
DG34,6
YO167,1
EH43,7
M457,6
G156,6
RM64,5
LL462,1
IP295,5
EC4V6,9
SN102,3
NR304,2
WS122,4
BS312,5
BN107,2
MK35,3
KY75,4
SG27,9
CO151,5
LN122,6
M146,15
AB314,11
CF105,10
EH218,8
M193,4
SO155,6
WA118,6
NG208,2
WF128,1
DD52,6
TW31,9
HD96,3
NP120,13
TS160,8
M264,5
SW182,11
B677,3
WR52,14
G129,2
CA30,10
M44,4
HG58,5
OL115,12
CH40,6
PE28,9
SE78,5
IG76,7
MK428,8
CT65,6
IG119,5
RM175,9
NN36,8
BS65,7
AB125,10
KT173,3
ML53,8
LE157,17
BH244,5
SR49,6
G830,8
CO85,3
E147,6
G732,6
NG31,1
SA28,9
PE365,11
IV363,3
SY83,4
NN27,11
HU203,2
LL777,7
PL35,5
ST101,4
BD21,5
TW26,4
LD39,2
PE274,1
BD236,12
FK150,16
SG156,9
BR36,3
PE210,1
TN171,1
E105,7
BB50,6
ST34,4
CF101,40
BS169,9
SP35,11
SE186,14
ST119,6
CH447,4
KY13,5
L236,3
RG127,13
ME159,11
LS260,11
SP61,4
BD80,3
KT139,7
W85,24
B647,6
CV34,17
DD97,7
CW113,7
TR149,1
N52,3
LE49,2
SW1V1,21
N88,3
ST72,12
L199,3
BN26,7
DA130,9
LE89,3
G511,4
S119,10
NE464,9
LS134,4
PL36,4
CO156,5
TA79,1
TD151,15
OX42,9
NE346,3
CV49,10
NG220,21
SY148,7
M253,3
SW130,4
NG241,9
EH127,6
CF34,3
RM165,1
BA126,8
TS58,2
NG347,6
SO182,11
BD13,9
HX50,4
EX388,5
SW98,6
TN388,4
NR351,9
CA201,3
EX168,3
DE554,6
EC1R4,1
TS252,7
IV23,10
EH76,7
SW49,2
SA83,6
CM75,5
CA288,8
UB12,7
L233,2
SA640,2
CA110,13
RG128,6
TS199,1
BD14,11
B980,15
SW71,5
HR49,9
CA48,7
L179,1
BL34,6
M230,4
PO63,9
BS44,6
BN84,12
SW191,6
B144,4
TS14,1
RH15,18
B193,9
EC1V2,3
LL185,8
YO88,5
CH650,4
NR293,5
PE302,5
G743,4
TS184,1
NE241,3
BN150,7
EH143,3
L261,3
YO224,6
CV326,5
DD85,1
TN156,17
G717,8
BB95,3
HA88,10
EX137,4
EH436,2
KA107,4
HU151,9
DN32,1
YO318,2
PL113,6
TN354,3
NE437,6
IV637,11
BH125,1
EC4M7,8
PA151,9
SY13,4
CO107,11
S118,3
DY27,5
S22,4
EH193,7
BL98,11
CV22,14
M96,8
DY103,5
S605,7
S38,13
HP79,8
LL219,12
SL50,13
SK41,7
HP108,8
EN88,7
S711,5
PE284,13
DN215,8
LL115,2
LE84,4
CH39,9
SE19,9
NE96,4
N12,20
MK61,4
CA286,3
E114,5
L269,1
BB16,2
L404,1
KW151,8
WD234,2
CO100,16
TA66,5
BN73,8
WD62,4
CH636,2
DG12,4
PO74,2
DL147,4
CM129,8
YO237,5
SO224,6
E163,6
BL64,7
AB555,9
HX15,2
BH217,7
BN266,11
B294,2
BS42,6
TN299,10
CV129,8
TS54,2
NE261,5
DN110,7
CT161,11
S652,7
TW181,11
S181,6
CT146,4
NP255,5
L362,2
GU101,6
PA344,10
LN83,11
CR01,32
LE671,6
TR275,10
WA167,1
L331,1
HG13,3
SN68,14
FY67,6
AB123,17
SW181,9
SE280,1
BS151,4
M242,9
CO63,9
CR27,5
BS246,4
HA30,9
HP143,18
ME143,22
B100,7
ML37,14
KY129,10
OX165,2
SO517,3
GL206,5
DE11,12
CT216,5
TN74,3
HA53,3
BN200,4
BS32,4
OX253,3
L102,2
PA371,8
PE228,7
KY59,4
BA46,5
CO12,8
AB389,8
MK22,9
TQ25,9
TA42,6
EH223,4
ST29,3
S124,6
SK138,3
W68,19
L142,2
M437,5
MK430,18
TR50,3
TS118,6
ME98,5
PR98,5
E83,8
SW152,14
BS207,11
KY62,9
BB48,9
DD113,5
SS133,5
AB166,2
DN162,8
OX299,3
SN33,4
GL32,10
DE216,4
B263,14
SE154,3
FY52,8
KT25,4
NG41,2
BA114,8
PE229,3
NE166,5
SA197,7
OX283,1
GU152,5
LL165,12
WD77,7
AL74,5
RM78,2
NE109,5
CW72,9
GU112,9
S603,2
IP117,7
G768,9
SS30,2
M25,7
PE147,8
NW10,14
W1G6,3
BH119,7
SE192,1
DN85,9
BB53,5
PR11,7
RH16,9
CM29,4
IP42,3
CF102,16
ST28,2
NR337,10
MK58,3
NE479,6
WR158,5
GL44,4
CB233,1
LS133,5
CH469,2
LA26,5
HX12,4
BS418,6
AL69,11
B676,1
CA130,10
RM107,9
IV149,4
LL346,5
BS394,5
CM166,9
L394,3
RM113,16
GL45,2
WS109,3
NP190,6
PA33,2
E18,27
CM210,3
CA13,5
AB315,4
W111,8
L86,3
ST62,1
GL68,11
ME122,6
TR165,5
LS122,7
GU470,10
SW198,8
SN22,9
BS296,2
CF36,4
S88,11
CB237,10
G459,11
CF356,7
RG47,9
CV312,3
G716,8
N213,4
NE35,4
L351,5
NN108,3
DG113,16
E61,4
BD206,6
DH21,9
L44,4
MK42,2
M903,8
EN34,6
PE11,18
G14,7
B775,9
LE54,9
GL73,7
NG67,3
PE273,3
HP41,13
ML66,7
SW1H9,1
BD128,3
EH144,3
RM83,5
M74,3
CR20,11
PL51,4
M11,7
LS53,3
NG164,4
L88,4
B202,8
OX173,12
IV191,9
DG28,12
RG218,1
ME21,8
AB238,21
M252,10
SN35,3
EX141,1
SE164,5
CA166,11
CF641,4
DN208,5
OL101,4
WV58,3
MK418,3
G311,2
WR13,2
WA50,2
TN237,1
RM137,6
CR93,1
LL625,2
SS80,11
OL25,3
L257,2
NN73,20
CH642,3
W1U8,1
DA175,1
TD106,5
SA678,15
DL21,17
CV15,10
DN91,5
CV57,5
CR04,19
S402,7
NE23,1
B288,3
S819,2
RG12,12
OL103,6
L216,1
PH11,6
RG72,4
IV499,2
DY76,6
DN358,4
W1T5,4
CV23,3
KA216,4
DA52,1
LL486,3
KY130,13
KY139,4
CH655,2
LE651,13
EC1Y0,3
WD35,10
RG456,4
TS170,5
DH15,19
PL71,11
TA126,3
KY83,5
E138,5
SK81,7
EC3N2,11
B504,5
LS63,6
CW122,3
CH601,1
CR69,12
BB74,10
NE334,3
HG41,9
L225,2
LA77,7
HA13,10
EN54,4
HP169,6
SW111,17
HU32,8
PE244,7
SA432,8
SE38,2
DA162,5
L195,2
EC2A1,1
NG145,6
HS29,19
LE113,11
FK83,19
HA96,5
OL98,4
PL46,2
DG87,8
CM120,7
CV21,6
EX111,5
NE611,3
TR196,10
SA699,7
SA198,10
BN189,8
WS74,1
TN278,6
SO302,10
M278,7
NG44,6
SW72,18
W1C2,6
CB232,6
LS290,9
GU85,12
CV364,10
NW87,8
BR52,3
WN34,5
EX40,3
TR197,6
SN31,7
CM83,7
LS184,8
LN12,12
DY40,6
AL51,11
SL00,18
B692,4
RG75,11
S357,9
KT227,13
EC1Y4,2
BL79,7
LL758,1
LS226,2
L347,5
G628,3
E106,5
MK183,5
SW176,1
CH413,3
NE675,10
KA182,8
KY117,3
WF92,6
NR219,5
DY29,5
IG39,4
WF31,14
LE86,3
DE78,7
LS115,5
B369,5
DN49,7
G767,3
SW1E6,8
DH61,1
EX394,7
EH269,4
EC2N1,8
WA67,2
LA62,15
EC4Y1,3
IG61,7
DN227,9
N179,6
WV133,5
EC1A9,7
DY148,2
YO212,5
PO35,13
NE119,12
G327,3
GL27,3
EC3R7,3
B12,13
S612,8
NR47,9
MK44,2
SE120,7
SK44,6
DL42,3
BS311,9
B797,11
DY138,4
EH129,14
SW1A1,11
FK41,5
EH89,9
NG904,2
CH667,1
KY40,9
W1U3,2
BS119,7
TW151,7
CF320,10
N170,13
G696,13
GU140,10
SG15,6
PH344,14
LE176,11
SA612,5
NE259,4
SO319,5
GU28,2
LL120,5
B771,4
KY86,4
NR134,7
NW108,13
IG96,1
KA15,14
BH189,6
CW114,8
OX161,3
HD91,4
DL22,14
IP199,6
NR289,7
L143,3
B781,12
WF134,4
YO105,8
TW123,3
S702,2
L18,2
PE39,3
NR133,8
DN350,8
MK89,2
DY139,8
RH136,6
TR112,1
CF631,2
IV306,1
SK131,9
BB56,7
BH228,7
HD64,6
PH374,5
L231,4
DN84,4
MK113,3
TN86,4
RG170,16
L76,1
TQ33,1
KA137,4
DN209,6
SR77,4
EX396,7
KY74,8
DN121,6
RH203,11
TN341,12
W106,8
RG66,4
TW121,6
CF242,7
AB422,4
IG87,2
CF157,11
CT79,6
PO144,6
DA123,9
HA55,11
DE555,2
L241,9
BR20,5
SO199,11
OX160,8
CV211,9
M228,3
CT88,4
PE305,5
B130,11
TS67,1
L248,3
MK139,4
OL41,5
TR138,4
YO166,7
N177,3
HA89,6
LE29,8
NG902,2
CH491,4
PO61,7
RG403,11
W37,9
SK87,11
PE26,8
CO45,7
G401,1
LS167,6
S64,3
WS154,8
CW124,6
BB14,5
B375,3
B632,3
BS375,5
SY26,2
PR30,13
SN12,4
L146,1
YO242,4
G811,7
TQ88,1
G641,7
CO148,8
NE280,2
SR54,1
OL120,7
NP207,2
CA24,3
L120,6
LU14,14
CF611,6
LE673,10
BA27,10
N77,11
NE65,8
PO143,6
SS13,9
CF240,10
KA89,5
BL78,3
G720,17
CB39,10
HX75,5
HA61,7
NR127,6
HR96,7
LS81,8
B74,11
SE94,6
S91,15
ML13,9
SA84,5
SL42,10
SO519,3
DN25,6
OX47,3
TA11,5
EH106,11
KT48,5
WV140,4
WF58,1
LE47,5
GL143,2
G535,8
S14,7
DH97,5
SL66,14
CH53,4
EX392,4
SE92,9
BS354,11
B13,4
SW153,11
PO168,11
NE287,2
MK420,6
NG210,8
YO302,2
BR68,4
LA177,1
DN150,2
LL139,10
BS16,12
FY53,6
FK218,6
SE64,4
EX96,1
KT172,6
PH90,9
L249,6
WA72,10
BH25,13
EH42,14
TS121,4
MK452,17
DN58,7
DL134,6
S336,3
BN19,6
EH67,4
SO141,5
BN246,2
CW112,5
IP123,5
CM28,17
RG217,4
GL128,12
CV31,10
DA99,12
NG68,18
NP246,9
BH149,3
TW197,8
SK141,4
KA228,3
OL82,5
BB33,4
B691,3
LS237,4
DG111,10
NE191,7
LS12,7
DA11,19
GL182,1
TR73,1
TN339,8
BS329,2
DG165,11
RM79,4
DE231,4
PA40,6
DD15,5
BS148,4
TS11,4
OX109,8
CV472,13
S738,6
CM111,4
DG98,11
TN24,13
SL37,8
G643,1
IP12,7
SE182,6
SL16,5
HP234,4
YO301,6
TN355,8
IV159,3
EC4V2,1
L192,2
OX13,17
RH109,13
NG181,5
IP225,2
NN169,5
CH421,2
EC1Y8,9
BA140,8
NG25,6
RM13,12
LS84,4
BS217,4
KT80,1
CH455,3
SA48,3
SA624,7
SW1P3,9
CV91,5
LN59,9
KT65,1
DE243,4
GL66,10
SY197,7
BS107,12
TA117,5
UB13,6
EH385,9
EN26,10
OX266,7
M80,5
CT91,7
WN75,6
IP137,2
CV238,11
W114,6
KY111,8
DA122,4
CV116,17
PA191,8
HU95,8
TS285,3
BN99,5
TF87,5
IV180,5
ST66,7
NG95,4
DL166,8
TN240,9
EN106,7
LS256,8
HR68,3
EH147,7
BR87,10
W104,4
AB117,3
OX295,2
MK451,4
M31,9
L152,3
G728,9
EC4Y8,8
CR43,4
AB536,4
FK198,14
M171,11
PH243,2
PO20,6
WD259,6
CB99,1
DN156,8
NN173,14
S818,15
NN172,2
WA58,3
SA131,4
AB245,7
DA68,3
LS209,4
WS33,9
BH65,1
ME39,9
TS150,4
N227,2
CF484,4
B476,5
BB31,2
SS75,7
SS132,8
M283,8
DN313,4
PR73,9
OL90,2
DN148,7
B772,5
IP309,14
N181,9
PL305,7
TS183,6
WV131,1
CF827,9
HA73,6
ML51,5
M34,5
E17,25
MK56,4
DN104,5
BN175,6
RM191,6
CF119,6
PA696,1
DD49,8
ST37,9
OL45,3
CO130,4
AB106,4
EH331,11
CR42,3
B807,7
PO27,2
DE61,11
PL52,3
ME168,4
M347,6
BR33,16
CF33,3
DE12,19
NE463,1
BB72,3
NW61,6
PE148,5
LE22,6
AB419,3
B109,4
GU102,1
CH440,1
TQ126,10
GL55,2
EX175,6
SY37,2
TW12,3
E203,4
OX255,2
G630,16
PA296,20
PR85,2
OX30,6
GU323,8
EX13,5
CF140,6
IG11,11
EC1R5,2
YO329,11
RM30,8
CH35,8
L39,1
YO422,4
TW122,6
TR261,4
LL297,4
KT100,8
GL29,3
SY225,2
RG237,7
M458,4
KT108,3
NR11,9
WR51,8
WD188,3
EH91,4
BA201,5
CH633,1
CA49,6
BL51,2
HA01,1
BN24,14
L399,1
SA714,1
S59,3
S404,1
HX64,3
E107,8
TW34,7
KA115,1
OX106,4
M345,3
BH123,3
LE99,9
LL319,6
TF15,8
DE557,6
G467,2
TS134,8
HP180,8
BA24,5
LE77,10
EX348,7
W1U7,7
DE217,9
TW77,4
BA100,9
SA155,3
BD23,5
EX142,2
PL65,13
HA99,1
SL23,11
PR18,9
LN96,5
M402,2
LU63,9
NR79,6
LE52,6
SL71,8
SW1W0,6
CF54,3
TN119,7
S611,7
UB81,20
WN80,2
PL277,8
N33,5
PA268,5
EX30,5
CB248,2
KT112,8
LE125,14
CO105,2
BH316,5
YO253,7
LA185,8
CO77,17
NR180,6
CF116,3
TR48,7
EH113,7
RM202,7
KA260,23
NE31,3
ME44,9
NG36,5
PO77,6
WF12,4
EH234,6
SL69,7
DE723,18
DT51,2
MK91,8
AL87,2
L386,1
WC1B5,1
M307,4
LS61,3
SP46,3
SK144,4
LS117,1
WF104,3
CO169,7
DH76,5
EX28,9
WR101,1
HU106,8
CO78,4
SM52,6
WV46,4
WV149,4
S352,10
EX42,10
LE181,9
NR136,2
WN88,6
WC1R5,1
CV359,8
NN116,5
DY31,9
LL768,1
WF177,3
PE216,6
WA166,6
PR32,4
RH29,13
PH26,13
UB78,3
B709,5
EX204,16
NR324,5
EC1V9,11
SY30,8
IV124,1
N178,3
OX163,3
DN359,3
PA12,7
NE615,7
GL208,9
KT11,10
OX264,5
ML55,7
HP219,6
SW208,5
DN46,3
DH62,6
MK441,20
LN76,8
G312,2
WF131,3
NR189,5
ST50,2
SA132,8
TN39,8
W44,3
ST27,5
SM53,9
BA134,10
OX117,7
PR69,17
DE59,3
B450,2
FY51,2
L405,2
NE52,10
HD45,7
WD231,12
LA184,2
LL535,5
AB526,6
PE111,7
KT220,14
PE339,12
ML75,14
DE159,5
CF448,4
HA85,2
SN77,10
G115,1
NE360,6
B66,4
CV230,26
WV109,8
NP441,3
CF373,2
NE244,9
DN76,8
PL72,1
B712,1
PO410,1
TF74,7
CF728,17
L156,4
CH74,9
AL35,4
WV156,9
NR303,4
FK188,2
M89,3
SO455,4
CT31,12
GL545,5
KA36,16
L81,2
TR164,4
DH22,1
L189,3
TS190,2
L348,2
IP173,7
KY50,8
PL190,5
HX37,6
GU72,7
CV325,4
SL67,7
WS100,6
PR71,4
LS72,8
RH110,4
PH13,14
HU120,9
SK68,4
MK111,2
PO382,5
BS320,1
RH124,14
CA124,11
M259,3
W1F0,12
N209,5
GU216,9
SY70,8
NG37,4
G15,4
EC4M9,2
GL67,3
WA44,17
DT28,14
SA175,4
BB45,6
DN185,4
DL104,5
IP76,6
NW80,3
LS83,5
LE25,8
W1U1,2
OL158,3
NE156,5
AB244,3
YO111,2
SW156,4
CO92,7
OX51,5
PR43,14
PA160,14
DA15,8
GU214,1
EC3R8,9
SO418,3
HU93,8
L170,3
HP236,6
SK63,3
NN168,11
GL544,10
PO180,15
N80,4
SA154,6
M456,1
FY85,4
M15,4
WS34,2
W1B5,7
SW200,6
TR24,16
AB515,12
HD34,11
CV67,6
S262,8
PR56,10
G698,10
G349,5
NR46,12
TS116,1
EH107,3
GU359,2
TW195,1
OX284,1
PA87,8
NR148,8
G214,5
TF75,9
BD175,1
G665,7
S57,4
NE270,9
BB32,7
KW147,18
TN223,10
CT51,3
EX169,11
SN118,5
CH437,3
ME97,19
BB128,6
SY43,6
NE82,7
L166,1
SW97,12
HP30,4
E26,7
WF27,4
CH613,3
SE137,2
TN263,7
BR66,6
NG22,3
EH519,11
MK169,6
SE15,11
HD50,12
KT14,1
SM46,2
RG207,6
RG248,11
M88,11
BA51,4
IG104,4
GL543,11
YO607,5
DA163,4
LL588,3
G313,8
NE387,9
OX279,4
B440,8
BS346,5
L144,1
CA82,9
SK86,6
DD21,10
DL54,4
EX202,12
DL13,13
WA42,4
NG175,2
B302,8
EC1M6,9
WC2R1,3
N169,2
TA230,6
DE249,10
YO267,4
WR97,13
NP263,21
G513,1
WS114,1
SM38,4
WS42,2
GL528,1
AB421,8
SW129,16
FK79,6
GU227,10
CH419,1
LN68,5
NG156,7
GL116,11
KW172,23
N120,2
CH616,1
DL150,6
KY146,5
CA39,6
GL155,3
EH510,2
EX24,7
EN110,6
RM112,10
IP224,7
PO156,4
G734,1
GL142,4
DY102,4
CR51,12
CV313,2
DG97,5
DD100,12
TS240,4
BR54,4
DN40,4
HU165,6
CH656,1
EC4Y9,5
WD33,10
LL520,5
S72,4
SO409,6
PA248,6
RM53,7
PE377,3
CF327,6
CA81,5
YO266,6
HX59,4
MK182,3
EX328,5
WS73,4
S667,10
DH50,7
SM11,4
RH67,6
LL572,2
DA110,6
E202,15
TA78,5
BN133,8
BR53,8
RG17,3
ME123,6
AB535,8
CV36,17
DE127,4
TW135,4
ML60,4
DA51,6
IV253,5
ML52,11
TN256,15
MK465,8
SA128,3
CA71,2
LA44,4
EC4A1,5
KY61,3
FK178,8
E151,15
HG31,13
WC2H0,5
SW65,8
SE83,4
SO240,10
IV13,1
CF238,6
KT33,4
IP122,8
AB387,4
BB52,9
GL28,2
LU31,3
LU54,9
PO191,10
S50,8
KT125,12
PO188,10
EX97,1
BL49,4
S810,6
L22,3
CF729,11
BH37,2
RG411,8
GL127,7
LE38,12
HP42,9
HP135,7
HX49,3
PO157,2
B760,5
BB103,4
PO332,6
SR28,4
S654,4
CM73,9
EH413,8
N65,7
OX201,9
WR135,6
LU11,3
SN151,4
CT147,2
PE201,5
GL518,6
WA34,3
HD33,12
TN38,6
RH20,9
LL299,4
KA67,15
BN33,6
NE54,2
ME59,11
CT148,4
LD37,9
LE129,14
WV37,3
PE13,7
N103,11
PH52,1
NW62,5
EN13,3
E10,6
IV558,5
G680,11
CB224,8
DH86,4
CF35,1
RH54,8
BB67,10
SA182,8
EX166,2
B735,6
TA245,3
DN161,7
SA731,3
BN227,1
SO173,3
SO300,3
W105,10
NR34,4
TR184,5
L357,2
DE63,6
SK145,3
HD88,13
NE372,4
SW193,5
PA805,12
SP119,7
SK119,15
DY104,5
NG182,8
KY49,6
TN87,2
CW39,25
DA76,4
L210,4
N10,11
KA245,4
TN62,4
TS251,8
NW21,8
M343,11
RH101,17
N15,1
TN222,3
B94,12
MK185,3
PO155,10
BR27,6
ME12,5
CH73,7
KW56,7
HP178,10
TN249,4
SK176,9
W73,3
HP26,7
CH36,10
TS70,6
B610,2
AB379,4
S627,5
L385,1
HP53,6
SA677,2
S62,4
PE293,4
HU80,6
PE280,15
NW99,8
SK64,6
SW178,7
DN60,8
B295,5
B64,4
EC1R3,4
CM96,4
DH47,7
PO202,3
M169,3
TA63,5
SN155,9
OX136,7
B312,9
LL207,12
RH68,4
BN13,6
CF634,5
CF149,3
ST129,3
WR102,9
DA125,11
SY226,4
OL59,1
BH121,5
LL130,5
E152,13
BA146,7
FK66,9
SO516,16
CA144,8
TD99,5
E1W2,7
HA49,6
B357,4
LN110,12
RG145,14
BA98,6
CF644,3
HR26,4
GL31,4
EX144,2
SE96,1
KA31,5
NR59,5
NR310,5
PE389,7
HG59,2
SO504,5
HX77,2
MK410,9
G741,8
SA108,2
BD132,4
WV68,7
WD39,4
CV346,21
G650,5
SW82,11
E58,4
G402,6
PH191,7
TR139,5
AB156,10
EX29,1
HA98,5
PO317,7
WD65,3
BD73,2
BS153,5
DH96,7
TD145,24
GU527,1
TN161,10
TA248,11
LU20,11
CH424,2
DN93,10
EX349,6
S367,3
TR13,5
RG177,14
GU168,2
WF148,4
BN435,9
BH13,10
BH220,3
BD229,9
EH268,5
PR76,8
SE77,6
CH11,28
CO124,14
NN180,5
YO16,5
L71,2
LS255,8
CF336,4
OL161,7
WA36,16
SK137,6
NN118,3
WF45,2
PO93,7
TW76,7
NW36,13
NW102,6
WF103,8
EC2N2,3
E164,6
SN127,5
LL284,1
B459,9
CM165,3
TR208,6
CA73,3
MK196,5
ST71,14
M320,7
DN171,5
L131,5
N200,1
BS284,2
CB43,6
S754,9
B955,3
KA114,6
RG100,15
DN24,11
WF33,8
NG139,3
RM11,2
WF44,13
BA80,4
NG163,7
TN184,1
E12,11
SS166,4
WA103,7
PO383,6
TR127,2
IV243,10
IP39,8
WV107,14
N160,2
BN37,12
SN15,3
SW36,5
SO211,30
WD194,4
RG426,4
OX43,6
MK416,4
BB13,3
SS94,3
SA70,2
BS57,8
EH355,3
L255,1
MK36,7
N168,1
NE426,4
L111,3
PR75,14
CM40,14
SO196,5
BD111,4
L24,1
YO72,11
RG89,4
B338,10
WR117,6
SA79,3
G134,4
DE143,6
CB243,2
HU69,5
LL208,3
SR53,12
CT110,7
N166,9
CV108,3
SE265,7
EH48,1
WD247,7
EC3N3,3
DH85,6
NG123,6
L27,3
LE42,1
OL67,5
LL499,6
KT151,7
BN443,9
BN16,6
S640,5
EX85,8
CT170,8
LL553,5
PA32,10
GU212,7
IP145,11
GL22,8
CO91,6
ST33,3
L256,4
LS270,9
KT111,18
RM41,17
ME124,12
KA204,3
EH130,13
HP225,17
IP29,5
PO226,3
TN48,2
EH312,3
EC4V3,10
DG109,33
WD197,2
WA91,3
KT186,7
TR25,6
NN157,2
SG29,8
CF399,5
EC1V1,4
DE150,11
WA35,8
CV114,8
BL00,3
TW167,4
SN148,8
SP12,3
L319,3
NN137,3
KA56,9
LA142,5
HU51,5
GL560,10
EH546,16
LS236,8
LL369,10
NG57,6
PE343,1
PL143,9
DE722,2
S637,2
HG45,3
LS166,6
CV128,8
OX73,7
S89,2
NG26,10
B798,4
HP70,11
G213,10
BS248,3
SS93,3
CO30,5
TA64,5
SN83,22
NE227,6
BB55,5
G12,9
W112,8
SN254,5
TN23,5
CV92,4
WA66,4
SG52,5
G512,7
SE108,8
CH620,2
WD172,18
M389,7
PO138,2
RG226,3
FY60,6
PE195,10
SE270,4
LE93,3
NR317,6
TA199,4
TA51,5
SY44,9
B249,10
E153,6
ML106,18
CB114,11
RH41,7
KY63,4
NP223,3
SE62,9
RH149,7
L139,1
TW106,16
KA290,5
B296,9
YO433,4
BA148,9
S645,1
WS54,3
KA309,2
PH336,12
PO139,11
EC1A7,12
SE63,3
S401,9
W1G0,6
L177,1
LL689,7
RG423,3
LE167,15
GL541,6
NN33,12
IP312,12
OX277,14
AL52,5
SA183,4
KT153,4
TS95,5
CT66,11
HX40,6
RH80,17
L324,1
NW65,8
RG183,3
CT117,2
WS41,1
FY69,3
NE17,14
CW14,9
GU48,9
SE173,9
RH12,7
TR114,9
G838,17
M281,7
TQ138,8
N99,6
YO177,3
SY108,4
SS71,8
TW119,8
PE57,2
DT47,3
NW35,7
HP157,5
NE461,3
G614,6
GL77,6
PO91,8
DA67,6
AL73,2
FK13,4
LS119,5
LL237,17
WA75,8
GU289,8
PH20,14
SG189,12
GL54,1
AB344,3
TR96,10
ML30,7
DN377,2
S704,6
W1W7,10
DD112,8
PA278,4
SE16,8
TA246,5
GU59,7
M416,3
CT188,13
CR78,8
TQ11,10
TA116,4
G514,8
SL18,6
SG36,14
M85,6
G116,8
S729,3
OX251,4
PO215,5
LL748,3
NN38,14
EH177,5
G536,7
HA03,7
CB63,8
CW28,3
SP55,10
OX97,5
TS103,5
WS99,6
MK125,6
NE348,2
W24,22
LL635,1
CM145,7
SA127,7
BB185,1
SO322,7
EN93,11
W1H4,3
SN25,5
SG129,10
CT202,4
CT155,14
BS352,1
NE245,2
CR84,4
WS98,7
B360,7
GU113,3
BS33,1
UB68,8
TW62,52
IV125,15
SS120,2
E78,7
IP112,7
WC1B3,8
SW66,2
BS83,5
NE371,9
EH530,6
TR152,2
DH78,7
N182,5
PE321,17
SL21,5
NP446,2
NG185,2
G128,8
NG340,16
CT215,3
TW75,6
GU105,17
HU178,7
S714,3
CT196,2
RH108,3
SA724,1
IP77,5
S141,5
PR46,7
NG14,5
SK27,3
HP156,6
SK178,12
NR352,5
E35,6
SA146,1
BA69,7
EX49,2
HX28,2
SW151,6
SE84,6
DH63,4
DE128,4
IP14,4
FK15,5
SE233,7
L138,1
EX54,8
FY44,9
PO334,6
LL144,2
LS179,14
KA239,10
OX286,4
S253,2
S337,1
CO59,9
CB246,4
SW32,4
PA154,6
CF628,1
GU467,7
SY79,2
DL131,5
S58,11
WA130,9
CF51,1
S11,1
NE180,2
EX51,4
DY121,5
NG85,2
BH241,8
LE156,6
WS149,15
DE556,5
PE72,6
CB61,7
CH479,1
WA156,5
NW73,10
DN211,12
HA40,6
IP68,9
S207,2
PL40,10
BN25,12
LL250,7
TW94,6
PO229,3
SE135,8
DY68,7
IP51,4
CM195,10
M419,6
LL141,1
TN185,1
S803,6
KT169,8
SO230,1
SO529,3
SW1H0,11
NR204,3
S359,3
G235,3
NR161,5
CV65,12
DE141,6
HG34,4
SP101,6
LA20,8
CO70,9
NG219,7
M328,10
EC4R2,1
DT11,3
SA433,5
NN83,7
KA73,5
CT45,8
TR12,5
PH211,8
KA65,4
SO213,33
LE16,11
EN52,6
WA95,7
CF110,6
SK237,2
SO143,7
SY67,4
BS140,14
TW166,7
N208,4
SO404,5
NR86,11
M263,8
W1H1,1
MK439,6
CH439,2
WA28,10
RH193,17
AB436,6
CB249,5
SA29,8
KW96,4
E27,7
IV418,4
TF119,6
LL146,7
BS138,3
CR44,9
HU55,1
IP144,7
BA21,5
DT96,4
L109,1
L369,4
LS98,3
L321,1
G612,15
NG54,7
L98,4
SA715,9
NR316,4
SK91,9
FY45,5
OL43,6
TF109,2
BS376,20
B987,14
WD174,3
EX340,5
DE742,23
PA175,2
TN316,17
SW1P4,9
AB217,6
ST216,16
SG51,7
L310,1
TN131,8
DE76,4
ST43,3
L20,1
LD16,14
PL112,4
B946,10
TS234,3
TD57,7
EC1M7,2
UB34,8
G668,3
SN146,17
W91,10
NN100,10
SW1W8,10
BS158,4
SE20,5
NN175,5
DA101,1
NE216,4
G206,4
PE380,6
FK147,13
CA255,1
EH525,12
B356,2
NG91,5
SM25,9
NE64,8
SS177,2
SE155,4
TQ73,7
HU46,4
G336,6
G821,7
CF143,14
EC2R7,4
PA134,6
NE110,9
TS66,4
NR280,8
RG247,5
WF157,3
PR28,4
S323,4
WA120,8
BD37,3
RH27,9
CM203,7
CH474,2
W1S3,6
L10,3
WC1V6,2
WN49,4
CB97,13
CB11,10
LL421,6
CH610,2
W86,13
SS43,9
NW63,2
MK11,4
BB47,1
S753,10
BL97,13
BB26,2
LS157,5
BH52,2
GU50,6
ME173,5
LN57,5
SA312,4
IP121,5
NW44,5
N20,6
DD51,5
KY128,6
DY53,6
BN148,4
RG263,5
SG191,5
PE94,18
NN114,10
CB238,6
ST61,6
WV106,9
DL158,2
NE18,13
DN197,3
RG196,3
CR91,1
ST67,2
OL70,5
BA127,7
LE80,7
NE455,3
YO196,10
HU54,7
ST68,7
EC4R3,5
UB48,8
BS409,1
HA71,5
SO186,2
B160,2
BB90,4
BS396,2
WC1E7,10
UB77,4
OL81,4
PH139,3
FK28,13
SE166,4
E154,9
BS12,9
WR74,4
BB112,5
E32,9
NE225,5
RH138,13
SA18,8
FY39,5
CH629,2
EX84,4
EC3N1,9
B721,12
HA86,1
BS29,2
CT47,12
SR60,3
M112,8
EX246,2
WC2N5,8
HS12,3
EX171,2
NR78,5
PH354,12
SW1V2,9
HX14,3
ML43,8
DL11,6
EC3N4,6
DL83,5
LL145,4
WF158,5
OL99,6
SN56,2
CF382,4
SE264,4
BD88,7
BH238,5
EH459,2
NE475,6
DE215,8
LN11,3
SW154,3
S12,15
PE127,6
NE483,4
W1U4,5
SA59,1
TF42,7
SK66,3
NW25,6
RM82,10
ST158,14
B634,4
B261,5
SE152,3
RG302,5
S817,5
WS11,6
NE499,2
BD182,4
SO146,4
TS105,3
PE150,8
HU47,7
HU164,3
BS161,10
BN163,4
PR84,5
ST57,5
SY163,8
CH625,1
WN58,10
SO168,5
CV107,11
E146,5
M16,6
NG58,10
SP97,8
PE292,4
W1H7,4
GU11,14
ST15,6
EC2M4,7
N128,1
CT179,15
KA181,4
PR90,7
M155,6
G690,1
B203,8
E62,5
ST54,9
PO12,5
PE128,4
WN36,6
BA229,8
EN49,2
WV95,5
SL30,13
GL115,8
BN228,2
NW15,16
CV214,4
WA105,2
SS56,5
TA219,9
PH314,6
EH87,7
KY14,9
WV22,5
TN162,14
HU192,4
KT34,6
LE51,8
LA33,14
NG228,16
PR44,10
NW13,5
OX278,1
SP34,17
ME87,6
CM61,18
G673,7
CV365,3
TN206,2
ME130,4
W120,3
SO534,3
HU87,1
TQ130,16
PO160,5
L341,6
WS27,9
G22,7
CA38,7
PA706,1
OX169,7
SN58,11
B152,9
DN379,1
CT54,2
CF315,4
G209,2
NE21,10
B129,2
PA28,4
DL146,8
NP235,4
WD196,4
SW64,5
FK29,6
SW164,8
BN85,5
DY33,5
W1D5,7
HU68,4
LS297,4
TR147,3
YO211,9
S139,11
LE45,4
L150,1
WF43,8
OX46,6
B939,7
WS117,4
OL150,12
BL84,5
LE174,21
TS147,1
WA93,4
KT70,9
BS130,2
NG317,10
KT59,6
WN74,5
WF119,4
TA44,4
CH481,1
TW89,10
PO208,3
RM163,3
N113,2
AB420,7
HR81,6
BS232,4
HU34,3
TS37,1
LE92,1
WD258,14
L15,3
SY256,4
HD80,4
LU40,8
NE83,7
DN106,13
B324,4
BS306,4
CH621,1
PR36,4
NN96,13
YO195,7
EH23,7
WV125,5
RG215,5
G328,10
PR14,3
TS96,4
S739,5
B437,5
BN72,10
NE659,11
SO311,6
SK239,5
TW182,5
BH233,4
E111,8
SO533,5
EH479,8
KT26,4
DL12,10
BH193,3
LN42,5
SA160,8
BD120,6
BB102,7
L313,4
SE12,28
CV93,9
BA20,3
PL97,2
CF312,5
RH194,10
KT130,14
WA59,6
CF363,4
GU169,1
CH626,3
LS279,1
WA57,5
B774,8
NW41,4
CH49,7
KW36,2
EC3R6,5
OL162,3
SO316,4
DA145,7
LL240,17
LA50,2
CB234,2
FK94,16
SN256,1
HU107,2
SL22,8
DD25,6
BD209,1
W1J8,5
ME72,1
PO214,7
BD95,4
LE17,3
E96,6
CV59,9
NW105,2
SY209,23
RG214,6
FY43,1
B401,8
PH152,11
DH70,6
OL114,5
ME90,12
GL193,9
GL14,3
TF12,5
BS379,1
L84,2
B330,10
HA87,4
CF625,5
NG178,7
DN403,4
CF627,4
PR251,5
MK443,11
CH15,5
NE403,3
NE137,2
RG14,6
BA19,4
LU29,25
KY76,15
RG121,5
TS117,1
B380,1
BS59,2
NE482,2
CB29,2
BH211,8
G58,15
PL21,7
ME89,2
PH106,6
KY39,4
AB510,14
PE297,6
CM13,8
NE630,3
CB215,7
TA15,4
MK112,3
CM11,5
CM33,9
EX109,1
OX100,3
YO424,2
BB46,6
M14,4
NR270,7
BH140,6
ME13,11
TN12,8
CT28,8
S122,9
OL126,9
EN87,7
DA49,9
MK419,6
LS224,2
S752,5
S701,8
SY120,5
BD159,1
CF828,3
IV528,4
WV164,8
SA67,4
LA61,12
NG323,8
WF175,2
SO318,2
BH256,9
BS407,1
LL402,16
SA65,7
PO80,9
PL49,2
FK104,7
EH74,5
IV26,16
PA169,7
G225,8
TA135,2
W1H2,5
S213,4
DN118,1
WC2B5,9
DE738,5
WS107,8
SA623,5
LL127,4
RG94,3
NG161,4
YO225,1
LS121,5
LU55,9
M251,6
OX15,10
NE262,2
WF77,5
TN364,3
BA15,6
MK454,11
YO611,6
L114,2
BL11,4
HP160,5
CM26,11
GU314,1
B769,7
NE49,6
DT83,5
PL12,9
TQ110,8
WA158,22
S211,2
M72,2
NG93,15
CO112,10
YO434,11
LL571,9
L406,1
ST13,4
TS15,6
OX184,10
PH494,10
DA27,15
EN65,7
PE91,9
SW192,8
NE84,4
M609,1
YO113,6
NE100,4
WA31,10
NE45,3
L137,6
KT147,5
NW43,10
DL61,1
CH432,2
RG26,2
NW42,3
N17,3
G537,8
AB561,3
LU48,3
KT82,1
TR109,6
CR06,8
PL82,3
GU515,2
CH661,3
ST135,2
SL17,3
WD31,7
ST74,3
YO19,5
BS483,16
SA112,4
ML39,6
B762,3
AL95,12
CV62,4
BS328,1
KA112,1
DH79,7
NR339,5
TS212,2
TQ122,2
CT154,1
L353,2
NG150,7
FY77,4
PO211,8
G412,6
PL339,2
HA04,8
NP81,5
AB564,11
E161,13
BN211,3
SA460,7
HA29,2
CM32,4
SL72,2
DH98,2
ME37,7
NE331,1
WN73,6
NG321,9
LL197,2
CT163,11
WS137,1
DD114,6
NG196,4
CH641,2
SW1X0,3
MK41,1
PH304,2
PA716,1
S668,8
LL229,6
SK135,1
SK83,8
W1B3,2
LE43,2
RG45,3
L174,4
EH38,6
YO414,3
LU32,8
HR14,4
IG103,12
S366,1
M35,1
PO53,4
PO302,6
NP442,5
TW179,6
YO254,6
S267,2
GL12,6
TN317,10
WR24,8
CO160,2
CB231,3
BH89,7
WV132,5
G332,5
NE163,2
MK130,2
IP238,2
L392,3
WC1E6,10
CH627,2
LE33,6
IP91,2
G815,6
CV24,7
NG59,6
NN15,9
DH11,6
N102,5
CO94,8
LS82,4
ML118,22
NP78,6
DN149,4
YO139,3
IP69,4
SW163,7
YO231,6
OX143,13
RH191,11
EH216,3
TS55,4
WS28,5
NE462,3
SS165,9
L311,2
NN171,6
WD79,6
EH114,10
TN288,5
W38,5
HG15,8
BL81,5
CH428,3
DE65,6
BD207,3
DH77,4
DN13,1
LN65,3
UB108,15
RH135,6
NG11,13
BL12,4
M600,2
PE84,3
LL546,7
HG44,3
UB82,9
OL12,9
SL64,6
SA91,5
BD133,2
BN108,4
WS66,6
NN11,15
TA201,6
S205,9
ST104,17
WA84,3
DN146,4
WC1A1,6
CB12,8
SM39,1
LU79,14
ME144,6
DE119,4
EN75,8
BN114,1
NR301,6
SL38,9
LS257,2
SE185,4
IV11,8
WV12,8
CW58,6
WA106,5
NW66,1
BD212,5
OX144,10
CA25,6
WA20,10
CM14,2
DG80,12
ST200,3
TD12,16
TR130,4
NP197,6
SP70,1
LS118,6
PE78,3
PO15,6
M188,6
DH99,5
OX297,5
HD46,7
CA191,6
DT66,14
OX164,4
B976,10
SR78,3
CW13,7
HG33,4
NG197,9
SP36,3
EH483,9
NW97,2
SP47,7
TN262,7
RG93,6
RM203,12
BD196,4
MK62,5
PO13,5
CH638,2
LL137,2
EH249,2
G605,4
L312,2
E97,5
L203,6
SE193,6
L251,1
IP241,11
SE191,7
UB24,12
CH498,1
AB417,6
B46,11
B902,3
BN147,8
IV438,2
BR28,11
NG55,6
L13,7
OL83,5
DH32,6
SE240,4
TN92,9
NE164,7
AB326,5
S203,3
FY41,6
NE159,7
G825,6
NP131,3
ME105,1
B146,2
WS118,3
SA174,1
W1W5,7
SL19,1
RM96,12
EC2P2,3
CO111,6
TQ69,7
LA233,3
LA88,6
NE11,6
PE202,1
NE215,2
BA77,3
L245,4
M42,2
DL38,5
PO110,5
WA89,3
DE552,7
BH152,4
NE77,14
EX320,8
CT162,5
B912,11
LE175,13
EX395,14
PE109,5
DA117,6
BS31,5
PA318,11
BS139,2
LD54,4
DN370,5
YO176,9
CF147,5
DN401,2
HD21,14
AL12,4
NP182,6
L158,1
DE221,8
B901,4
SY56,8
B928,7
GL25,6
DE655,7
FK39,5
SS129,3
PE73,18
TN330,11
NR302,5
OX252,4
SN14,6
S601,10
MK107,1
RM126,4
B128,5
WF102,3
L197,3
NE476,1
CV33,4
EH260,4
GU322,4
DH12,8
M32,3
S801,5
LD23,16
NR120,3
NG71,7
RG142,10
TS247,3
EX314,11
SS88,1
CM36,7
IV262,14
HA20,5
TF93,10
G431,4
PL268,9
TA146,2
SA313,4
S728,5
SL12,8
SO197,1
DY84,3
BA11,19
LS85,2
GU68,4
SN119,3
PL178,6
CF479,2
RG64,4
PO76,4
SA487,1
BN164,8
L328,3
SA57,5
DN57,18
S137,6
CH654,5
SG142,12
HU35,1
L89,4
EH221,7
HA28,8
BN112,4
EX46,2
CW56,8
CV77,27
PO409,8
M261,6
M144,3
GU124,3
DY117,13
GU341,3
RH13,11
DE560,9
SL24,6
CB87,15
SA11,3
PO11,11
SW61,17
BS11,5
BA152,9
RH11,9
SN21,3
M400,4
HP84,9
LL653,6
B248,4
WC2H9,13
BN209,1
NR105,7
KW76,2
W1G7,6
WA29,2
PR19,13
WR98,5
NW100,11
SN160,9
EH477,3
BH166,7
B301,2
DL107,6
L95,2
WR144,6
SG137,8
PA477,1
AB301,12
LE675,1
EH128,10
BS166,3
W1D4,7
CB19,9
GL181,6
B966,7
DY122,3
TQ28,7
WA128,7
LL564,2
HR97,12
WN11,7
WR99,5
YO625,4
BD234,11
DH34,4
BD96,12
BD112,2
OL66,6
RH130,8
SA335,7
W1G9,11
S21,12
B184,4
GL516,4
IP331,5
HD76,6
BR60,9
G466,9
WF15,6
BH212,5
CH438,2
WC2E8,7
S751,7
NW103,5
HP111,12
IV548,16
DG20,6
WS13,9
LS168,4
M160,12
WV111,6
KA88,5
LL645,2
EH224,5
CH75,14
NG98,3
EC3M1,1
LE158,20
LS14,7
CR30,5
PE133,9
OX290,1
WS152,8
DN74,8
CO123,9
S459,7
NN55,8
HA48,6
M232,2
OL68,4
WA73,11
SR12,4
BH137,6
YO310,2
DD111,6
CH476,2
LL616,3
DD115,4
L11,7
CV471,3
BN158,9
PE235,8
WD50,9
NP45,5
NN28,4
S426,6
M244,2
CM232,11
NW98,9
PA345,2
NN71,9
PR58,4
EX53,3
WN23,5
BN161,2
NR32,5
BN68,6
LN105,1
DA12,6
WS20,5
BN35,5
TD69,8
BH48,1
BN424,3
SO206,13
AB355,28
DH87,4
PH172,4
AB155,3
PH73,9
DT48,8
G25,2
BN149,3
PR45,5
LS97,6
SA680,3
CA263,2
TN85,4
CH417,1
S417,9
M23,6
NG35,7
LS227,2
W1T3,5
DA100,4
SL61,12
RG216,5
SO147,6
EH36,1
BD109,5
NN68,10
NN12,11
NE209,8
PO220,4
NW54,5
EC2Y8,14
TN270,16
EX68,1
SA35,5
ML110,18
PE69,5
DT12,4
SS179,5
IV283,8
DG27,2
SK101,3
SE165,5
RH150,8
CA118,7
GU358,5
DD30,4
BS362,6
FY38,9
PH384,3
L400,1
PL99,7
CF334,6
SO190,1
OL36,5
NG12,15
G697,8
B289,4
CV227,9
LN69,3
BL26,10
LS298,4
M501,3
DT95,4
OX285,1
S263,5
L127,1
NN60,11
EH414,7
LS169,6
M335,5
YO243,4
BS231,4
WA45,11
CF146,6
LN34,6
EH467,11
CH22,3
W36,5
LE55,3
LN44,11
TS79,5
EN53,7
BA202,6
G689,5
AB165,4
BA44,11
MK145,4
YO153,4
NP444,1
BD100,7
TR11,9
NG162,12
LL302,4
L218,2
G314,12
BS353,12
NE48,5
BL48,10
RH55,15
B463,5
RM138,5
B31,6
NP204,3
WA157,4
EC4R9,3
NP165,9
AL23,19
SG63,4
EC4Y7,2
L65,2
RH121,10
BS67,5
SW116,4
PO123,11
CH12,9
TW170,6
BS494,3
CB18,2
GU167,7
DN157,8
WF178,7
SR33,10
NE391,1
WA92,6
BH207,14
NW34,3
WF13,11
LL537,6
BH242,12
CT130,9
B81,2
BS118,2
LL536,10
KY26,11
DY75,3
S174,7
BN229,5
E95,10
BS495,5
S265,5
LE103,11
DN45,9
HP39,6
GL519,5
ME158,6
MK76,1
G445,4
SE109,11
B708,2
AL109,12
WF93,5
M418,5
N194,3
NN189,5
LS71,7
CT156,3
L232,3
DL37,2
W23,12
TS185,2
BL99,7
TS179,8
BN20,8
OX120,5
PO212,2
W26,13
NR146,8
WR112,1
M221,3
TW110,3
SN49,9
BL14,7
G781,13
HU177,5
M333,4
RG265,16
TA28,3
G132,6
SP110,5
BB51,5
CO38,1
TD98,5
W1J5,11
DA176,6
SA133,9
DA28,12
L302,2
ME99,7
NG138,12
SS87,6
NP225,2
HA35,7
AB158,8
CM164,10
GL526,6
WN13,1
LS178,8
LU71,5
E15,13
PH29,14
DY83,1
HX29,7
LL552,5
L252,4
OX11,15
WA160,24
DN59,1
B210,3
SW197,9
PE36,8
BS91,3
MK417,5
L378,3
S104,5
FK102,6
PO107,6
CM186,3
NE242,4
NW96,8
NE664,5
UB67,4
TS60,3
W52,6
NG69,1
PE71,5
RG109,11
DL39,5
HA72,4
L403,2
HP52,6
M469,5
LA94,6
IP84,4
DD46,3
LA14,6
TS181,3
RG108,6
CF446,2
CT140,6
SW63,9
NP109,9
NG158,1
S434,7
CH21,7
UB55,6
L223,3
RH125,1
BN213,5
IP113,3
DG72,8
LS125,5
SA113,11
NR279,13
HU143,6
RH119,12
KY154,11
WN69,4
SA311,3
SA13,4
NE389,2
SK105,13
YO149,9
PO108,8
BH191,5
SW35,7
NN128,19
CH418,3
SK38,5
KT211,6
NR319,12
PL220,15
CM158,3
CO154,6
PE12,5
WF140,6
DT52,5
B147,8
S138,12
PO169,8
S638,4
DY67,7
TS39,3
AB424,7
IP287,9
WD63,7
HG43,4
KT27,7
SE163,11
L14,9
PL48,3
PA384,4
KW106,3
CT11,4
NW26,10
NN81,11
MK80,2
CW26,8
NE404,4
TR115,8
BH104,4
CH635,1
PE276,2
GU90,3
LL228,15
WF42,14
WA159,3
SE100,19
WN25,5
ST87,4
CW95,4
SW1X8,14
KY127,11
LS175,1
BH91,3
LS29,7
NG124,4
DN11,9
BR76,12
SK136,1
HP13,4
DL84,7
KY85,9
BD232,10
BA160,3
BS309,3
L50,1
LA143,2
OX27,5
SW33,9
TS260,3
CT53,15
PO54,5
B462,5
HX20,5
LE26,7
GU512,3
WD244,13
KT152,8
CA101,8
NN135,10
NW37,12
GL11,6
SN54,5
BB111,2
NG102,9
FY30,3
PL158,9
YO317,5
LL652,8
EX52,8
LA158,3
BN27,5
KA143,1
L196,2
NG172,5
NG101,6
DY82,8
G745,10
CB58,11
L91,1
HD92,7
WA139,5
W127,9
EX143,8
EC1N2,1
EH365,1
RG129,10
MK455,10
SO518,3
SO145,6
LE169,4
TW200,9
L19,5
CT93,4
G429,5
DD14,2
